event_id,region_id,occupied_households,shaking_intensity,damage_level,hours_since_earthquake,reporting_participation,reports_received,communications_available,report_feed_complete
training-event-000,region-0,405,4.600947707442798,0.18375819943419475,0.5,0.4020659387686182,1,True,True
training-event-000,region-0,405,4.600947707442798,0.18375819943419475,2.0,0.4020659387686182,1,True,True
training-event-000,region-0,405,4.600947707442798,0.18375819943419475,8.0,0.4020659387686182,5,True,True
training-event-000,region-0,405,4.600947707442798,0.18375819943419475,24.0,0.4020659387686182,10,True,True
training-event-000,region-1,789,4.330837295797426,0.32483238086405875,0.5,0.6504246451094979,4,True,True
training-event-000,region-1,789,4.330837295797426,0.32483238086405875,2.0,0.6504246451094979,6,True,True
training-event-000,region-1,789,4.330837295797426,0.32483238086405875,8.0,0.6504246451094979,10,True,True
training-event-000,region-1,789,4.330837295797426,0.32483238086405875,24.0,0.6504246451094979,21,True,True
training-event-000,region-2,2498,4.0,0.142158697331277,0.5,0.6010682322377816,2,True,True
training-event-000,region-2,2498,4.0,0.142158697331277,2.0,0.6010682322377816,3,True,True
training-event-000,region-2,2498,4.0,0.142158697331277,8.0,0.6010682322377816,7,True,True
training-event-000,region-2,2498,4.0,0.142158697331277,24.0,0.6010682322377816,21,True,True
training-event-000,region-3,2667,4.31049346026813,0.0645469363146699,0.5,0.4519119934005292,3,True,True
training-event-000,region-3,2667,4.31049346026813,0.0645469363146699,2.0,0.4519119934005292,7,True,True
training-event-000,region-3,2667,4.31049346026813,0.0645469363146699,8.0,0.4519119934005292,15,True,True
training-event-000,region-3,2667,4.31049346026813,0.0645469363146699,24.0,0.4519119934005292,29,True,True
training-event-000,region-4,130,4.256760846749617,0.02,0.5,0.5999144397654403,0,True,True
training-event-000,region-4,130,4.256760846749617,0.02,2.0,0.5999144397654403,0,True,True
training-event-000,region-4,130,4.256760846749617,0.02,8.0,0.5999144397654403,0,True,True
training-event-000,region-4,130,4.256760846749617,0.02,24.0,0.5999144397654403,0,True,True
training-event-000,region-5,2476,4.20659516032099,0.1408234626902573,0.5,0.6911728076589242,1,True,True
training-event-000,region-5,2476,4.20659516032099,0.1408234626902573,2.0,0.6911728076589242,4,True,True
training-event-000,region-5,2476,4.20659516032099,0.1408234626902573,8.0,0.6911728076589242,16,True,True
training-event-000,region-5,2476,4.20659516032099,0.1408234626902573,24.0,0.6911728076589242,24,True,True
training-event-001,region-0,2973,6.595296861557239,0.7797366172897362,0.5,0.41737722747317224,26,True,True
training-event-001,region-0,2973,6.595296861557239,0.7797366172897362,2.0,0.41737722747317224,50,True,True
training-event-001,region-0,2973,6.595296861557239,0.7797366172897362,8.0,0.41737722747317224,98,True,True
training-event-001,region-0,2973,6.595296861557239,0.7797366172897362,24.0,0.41737722747317224,209,True,True
training-event-001,region-1,2931,4.733117424046861,0.02,0.5,0.6329439069040337,2,True,True
training-event-001,region-1,2931,4.733117424046861,0.02,2.0,0.6329439069040337,4,True,True
training-event-001,region-1,2931,4.733117424046861,0.02,8.0,0.6329439069040337,24,True,True
training-event-001,region-1,2931,4.733117424046861,0.02,24.0,0.6329439069040337,54,True,True
training-event-001,region-2,500,5.938296013171209,0.4533852827090178,0.5,0.46127750146893765,3,True,True
training-event-001,region-2,500,5.938296013171209,0.4533852827090178,2.0,0.46127750146893765,4,True,True
training-event-001,region-2,500,5.938296013171209,0.4533852827090178,8.0,0.46127750146893765,4,True,True
training-event-001,region-2,500,5.938296013171209,0.4533852827090178,24.0,0.46127750146893765,7,True,True
training-event-001,region-3,659,5.434916911444837,0.3909543529834766,0.5,0.43632553133684365,1,True,True
training-event-001,region-3,659,5.434916911444837,0.3909543529834766,2.0,0.43632553133684365,1,True,True
training-event-001,region-3,659,5.434916911444837,0.3909543529834766,8.0,0.43632553133684365,1,True,True
training-event-001,region-3,659,5.434916911444837,0.3909543529834766,24.0,0.43632553133684365,3,True,True
training-event-001,region-4,442,5.137875180935374,0.1563975585819819,0.5,0.7748283811675791,0,True,True
training-event-001,region-4,442,5.137875180935374,0.1563975585819819,2.0,0.7748283811675791,6,True,True
training-event-001,region-4,442,5.137875180935374,0.1563975585819819,8.0,0.7748283811675791,9,True,True
training-event-001,region-4,442,5.137875180935374,0.1563975585819819,24.0,0.7748283811675791,12,True,True
training-event-001,region-5,212,6.258596684647185,0.22521413264273712,0.5,0.7652009091996785,1,True,True
training-event-001,region-5,212,6.258596684647185,0.22521413264273712,2.0,0.7652009091996785,1,True,True
training-event-001,region-5,212,6.258596684647185,0.22521413264273712,8.0,0.7652009091996785,1,True,True
training-event-001,region-5,212,6.258596684647185,0.22521413264273712,24.0,0.7652009091996785,3,True,True
training-event-002,region-0,1106,5.332474628887882,0.21526524722027715,0.5,0.7741742550467987,2,True,True
training-event-002,region-0,1106,5.332474628887882,0.21526524722027715,2.0,0.7741742550467987,4,True,True
training-event-002,region-0,1106,5.332474628887882,0.21526524722027715,8.0,0.7741742550467987,14,True,True
training-event-002,region-0,1106,5.332474628887882,0.21526524722027715,24.0,0.7741742550467987,24,True,True
training-event-002,region-1,1288,6.634050250278139,0.871230561115641,0.5,0.9247282706538673,5,True,True
training-event-002,region-1,1288,6.634050250278139,0.871230561115641,2.0,0.9247282706538673,12,True,True
training-event-002,region-1,1288,6.634050250278139,0.871230561115641,8.0,0.9247282706538673,26,True,True
training-event-002,region-1,1288,6.634050250278139,0.871230561115641,24.0,0.9247282706538673,50,True,True
training-event-002,region-2,1252,6.929135428291966,0.6465133504611512,0.5,0.4322129362096717,11,True,True
training-event-002,region-2,1252,6.929135428291966,0.6465133504611512,2.0,0.4322129362096717,17,True,True
training-event-002,region-2,1252,6.929135428291966,0.6465133504611512,8.0,0.4322129362096717,32,True,True
training-event-002,region-2,1252,6.929135428291966,0.6465133504611512,24.0,0.4322129362096717,62,True,True
training-event-002,region-3,3459,6.549464749660689,0.7056682613620631,0.5,0.5362352905206487,19,True,True
training-event-002,region-3,3459,6.549464749660689,0.7056682613620631,2.0,0.5362352905206487,30,True,True
training-event-002,region-3,3459,6.549464749660689,0.7056682613620631,8.0,0.5362352905206487,60,True,True
training-event-002,region-3,3459,6.549464749660689,0.7056682613620631,24.0,0.5362352905206487,130,True,True
training-event-002,region-4,1901,6.622641500185585,0.6256459094982975,0.5,0.8447802742125124,6,True,True
training-event-002,region-4,1901,6.622641500185585,0.6256459094982975,2.0,0.8447802742125124,12,True,True
training-event-002,region-4,1901,6.622641500185585,0.6256459094982975,8.0,0.8447802742125124,26,True,True
training-event-002,region-4,1901,6.622641500185585,0.6256459094982975,24.0,0.8447802742125124,58,True,True
training-event-002,region-5,1016,5.7764598134833,0.10260223152266101,0.5,0.5172597448931382,1,True,True
training-event-002,region-5,1016,5.7764598134833,0.10260223152266101,2.0,0.5172597448931382,3,True,True
training-event-002,region-5,1016,5.7764598134833,0.10260223152266101,8.0,0.5172597448931382,12,True,True
training-event-002,region-5,1016,5.7764598134833,0.10260223152266101,24.0,0.5172597448931382,22,True,True
training-event-003,region-0,1869,6.065429153400598,0.45606536617337684,0.5,0.914805764425139,21,True,True
training-event-003,region-0,1869,6.065429153400598,0.45606536617337684,2.0,0.914805764425139,41,True,True
training-event-003,region-0,1869,6.065429153400598,0.45606536617337684,8.0,0.914805764425139,75,True,True
training-event-003,region-0,1869,6.065429153400598,0.45606536617337684,24.0,0.914805764425139,124,True,True
training-event-003,region-1,494,4.387796636805592,0.02,0.5,0.7671417066581031,1,True,True
training-event-003,region-1,494,4.387796636805592,0.02,2.0,0.7671417066581031,2,True,True
training-event-003,region-1,494,4.387796636805592,0.02,8.0,0.7671417066581031,3,True,True
training-event-003,region-1,494,4.387796636805592,0.02,24.0,0.7671417066581031,4,True,True
training-event-003,region-2,375,6.168109860213597,0.7962186082649458,0.5,0.7975176520585929,3,True,True
training-event-003,region-2,375,6.168109860213597,0.7962186082649458,2.0,0.7975176520585929,4,True,True
training-event-003,region-2,375,6.168109860213597,0.7962186082649458,8.0,0.7975176520585929,10,True,True
training-event-003,region-2,375,6.168109860213597,0.7962186082649458,24.0,0.7975176520585929,17,True,True
training-event-003,region-3,1997,7.672056184362413,0.9712180446825884,0.5,0.8225441248839899,40,True,True
training-event-003,region-3,1997,7.672056184362413,0.9712180446825884,2.0,0.8225441248839899,69,True,True
training-event-003,region-3,1997,7.672056184362413,0.9712180446825884,8.0,0.8225441248839899,139,True,True
training-event-003,region-3,1997,7.672056184362413,0.9712180446825884,24.0,0.8225441248839899,253,True,True
training-event-003,region-4,2408,6.695220516099849,0.7747074098042442,0.5,0.8104153488172673,28,True,True
training-event-003,region-4,2408,6.695220516099849,0.7747074098042442,2.0,0.8104153488172673,57,True,True
training-event-003,region-4,2408,6.695220516099849,0.7747074098042442,8.0,0.8104153488172673,122,True,True
training-event-003,region-4,2408,6.695220516099849,0.7747074098042442,24.0,0.8104153488172673,243,True,True
training-event-003,region-5,2111,5.538647490503648,0.27604653950809366,0.5,0.8315733003049419,6,True,True
training-event-003,region-5,2111,5.538647490503648,0.27604653950809366,2.0,0.8315733003049419,13,True,True
training-event-003,region-5,2111,5.538647490503648,0.27604653950809366,8.0,0.8315733003049419,29,True,True
training-event-003,region-5,2111,5.538647490503648,0.27604653950809366,24.0,0.8315733003049419,62,True,True
training-event-004,region-0,897,6.235908541323221,0.6979930929158054,0.5,0.4028251695295012,1,True,True
training-event-004,region-0,897,6.235908541323221,0.6979930929158054,2.0,0.4028251695295012,4,True,True
training-event-004,region-0,897,6.235908541323221,0.6979930929158054,8.0,0.4028251695295012,10,True,True
training-event-004,region-0,897,6.235908541323221,0.6979930929158054,24.0,0.4028251695295012,19,True,True
training-event-004,region-1,2541,4.630944056728148,0.3267911183606145,0.5,0.4267677492669818,2,True,True
training-event-004,region-1,2541,4.630944056728148,0.3267911183606145,2.0,0.4267677492669818,3,True,True
training-event-004,region-1,2541,4.630944056728148,0.3267911183606145,8.0,0.4267677492669818,12,True,True
training-event-004,region-1,2541,4.630944056728148,0.3267911183606145,24.0,0.4267677492669818,17,True,True
training-event-004,region-2,1040,6.679256820813167,0.8304901624251048,0.5,0.5767439129103674,6,True,True
training-event-004,region-2,1040,6.679256820813167,0.8304901624251048,2.0,0.5767439129103674,16,True,True
training-event-004,region-2,1040,6.679256820813167,0.8304901624251048,8.0,0.5767439129103674,37,True,True
training-event-004,region-2,1040,6.679256820813167,0.8304901624251048,24.0,0.5767439129103674,72,True,True
training-event-004,region-3,3323,6.771722301552556,0.8818740320525464,0.5,0.6842780895051435,23,True,True
training-event-004,region-3,3323,6.771722301552556,0.8818740320525464,2.0,0.6842780895051435,52,True,True
training-event-004,region-3,3323,6.771722301552556,0.8818740320525464,8.0,0.6842780895051435,118,True,True
training-event-004,region-3,3323,6.771722301552556,0.8818740320525464,24.0,0.6842780895051435,222,True,True
training-event-004,region-4,2839,7.2591254448399845,0.4234218668723116,0.5,0.9367783057752753,21,True,True
training-event-004,region-4,2839,7.2591254448399845,0.4234218668723116,2.0,0.9367783057752753,40,True,True
training-event-004,region-4,2839,7.2591254448399845,0.4234218668723116,8.0,0.9367783057752753,81,True,True
training-event-004,region-4,2839,7.2591254448399845,0.4234218668723116,24.0,0.9367783057752753,147,True,True
training-event-004,region-5,2303,7.591468170042843,0.5867439234263406,0.5,0.9288908543102197,36,True,True
training-event-004,region-5,2303,7.591468170042843,0.5867439234263406,2.0,0.9288908543102197,76,True,True
training-event-004,region-5,2303,7.591468170042843,0.5867439234263406,8.0,0.9288908543102197,171,True,True
training-event-004,region-5,2303,7.591468170042843,0.5867439234263406,24.0,0.9288908543102197,316,True,True
training-event-005,region-0,1820,7.3454715881408985,0.5694551185748195,0.5,0.9804929715229335,33,True,True
training-event-005,region-0,1820,7.3454715881408985,0.5694551185748195,2.0,0.9804929715229335,58,True,True
training-event-005,region-0,1820,7.3454715881408985,0.5694551185748195,8.0,0.9804929715229335,119,True,True
training-event-005,region-0,1820,7.3454715881408985,0.5694551185748195,24.0,0.9804929715229335,231,True,True
training-event-005,region-1,373,7.235149991469961,0.5949180862053496,0.5,0.8292506017966856,5,True,True
training-event-005,region-1,373,7.235149991469961,0.5949180862053496,2.0,0.8292506017966856,7,True,True
training-event-005,region-1,373,7.235149991469961,0.5949180862053496,8.0,0.8292506017966856,15,True,True
training-event-005,region-1,373,7.235149991469961,0.5949180862053496,24.0,0.8292506017966856,26,True,True
training-event-005,region-2,379,7.815120366210187,0.8795923562516871,0.5,0.7523287075135006,3,True,True
training-event-005,region-2,379,7.815120366210187,0.8795923562516871,2.0,0.7523287075135006,7,True,True
training-event-005,region-2,379,7.815120366210187,0.8795923562516871,8.0,0.7523287075135006,19,True,True
training-event-005,region-2,379,7.815120366210187,0.8795923562516871,24.0,0.7523287075135006,33,True,True
training-event-005,region-3,1880,7.287605769243236,0.5758488568401781,0.5,0.7840271672777703,10,True,True
training-event-005,region-3,1880,7.287605769243236,0.5758488568401781,2.0,0.7840271672777703,21,True,True
training-event-005,region-3,1880,7.287605769243236,0.5758488568401781,8.0,0.7840271672777703,48,True,True
training-event-005,region-3,1880,7.287605769243236,0.5758488568401781,24.0,0.7840271672777703,115,True,True
training-event-005,region-4,2769,8.02592497821274,0.98,0.5,0.8913237653727767,60,True,True
training-event-005,region-4,2769,8.02592497821274,0.98,2.0,0.8913237653727767,124,True,True
training-event-005,region-4,2769,8.02592497821274,0.98,8.0,0.8913237653727767,269,True,True
training-event-005,region-4,2769,8.02592497821274,0.98,24.0,0.8913237653727767,508,True,True
training-event-005,region-5,1139,7.289894414709531,0.8131314194991849,0.5,0.8386826393591005,15,True,True
training-event-005,region-5,1139,7.289894414709531,0.8131314194991849,2.0,0.8386826393591005,26,True,True
training-event-005,region-5,1139,7.289894414709531,0.8131314194991849,8.0,0.8386826393591005,50,True,True
training-event-005,region-5,1139,7.289894414709531,0.8131314194991849,24.0,0.8386826393591005,102,True,True
training-event-006,region-0,2347,4.669079060596593,0.2544568913223231,0.5,0.4487953498101163,3,True,True
training-event-006,region-0,2347,4.669079060596593,0.2544568913223231,2.0,0.4487953498101163,6,True,True
training-event-006,region-0,2347,4.669079060596593,0.2544568913223231,8.0,0.4487953498101163,10,True,True
training-event-006,region-0,2347,4.669079060596593,0.2544568913223231,24.0,0.4487953498101163,17,True,True
training-event-006,region-1,2805,4.4916769447989715,0.17181699651427754,0.5,0.8513111360418288,11,True,True
training-event-006,region-1,2805,4.4916769447989715,0.17181699651427754,2.0,0.8513111360418288,22,True,True
training-event-006,region-1,2805,4.4916769447989715,0.17181699651427754,8.0,0.8513111360418288,57,True,True
training-event-006,region-1,2805,4.4916769447989715,0.17181699651427754,24.0,0.8513111360418288,96,True,True
training-event-006,region-2,1326,4.0,0.08021644413984592,0.5,0.40481247557895145,1,True,True
training-event-006,region-2,1326,4.0,0.08021644413984592,2.0,0.40481247557895145,3,True,True
training-event-006,region-2,1326,4.0,0.08021644413984592,8.0,0.40481247557895145,7,True,True
training-event-006,region-2,1326,4.0,0.08021644413984592,24.0,0.40481247557895145,11,True,True
training-event-006,region-3,1647,4.754151938611629,0.17587088592433722,0.5,0.7197055622368695,1,True,True
training-event-006,region-3,1647,4.754151938611629,0.17587088592433722,2.0,0.7197055622368695,4,True,True
training-event-006,region-3,1647,4.754151938611629,0.17587088592433722,8.0,0.7197055622368695,9,True,True
training-event-006,region-3,1647,4.754151938611629,0.17587088592433722,24.0,0.7197055622368695,21,True,True
training-event-006,region-4,1106,5.357167382763939,0.02,0.5,0.509810324809433,4,True,True
training-event-006,region-4,1106,5.357167382763939,0.02,2.0,0.509810324809433,5,True,True
training-event-006,region-4,1106,5.357167382763939,0.02,8.0,0.509810324809433,9,True,True
training-event-006,region-4,1106,5.357167382763939,0.02,24.0,0.509810324809433,17,True,True
training-event-006,region-5,1567,4.416250564212964,0.24432956268132178,0.5,0.946127366484712,9,True,True
training-event-006,region-5,1567,4.416250564212964,0.24432956268132178,2.0,0.946127366484712,13,True,True
training-event-006,region-5,1567,4.416250564212964,0.24432956268132178,8.0,0.946127366484712,29,True,True
training-event-006,region-5,1567,4.416250564212964,0.24432956268132178,24.0,0.946127366484712,43,True,True
training-event-007,region-0,2736,8.417500205122836,0.7049681716231141,0.5,0.41099729652297395,23,True,True
training-event-007,region-0,2736,8.417500205122836,0.7049681716231141,2.0,0.41099729652297395,39,True,True
training-event-007,region-0,2736,8.417500205122836,0.7049681716231141,8.0,0.41099729652297395,71,True,True
training-event-007,region-0,2736,8.417500205122836,0.7049681716231141,24.0,0.41099729652297395,151,True,True
training-event-007,region-1,2836,7.471420862507501,0.6875232432996157,0.5,0.5712305723842902,20,True,True
training-event-007,region-1,2836,7.471420862507501,0.6875232432996157,2.0,0.5712305723842902,36,True,True
training-event-007,region-1,2836,7.471420862507501,0.6875232432996157,8.0,0.5712305723842902,79,True,True
training-event-007,region-1,2836,7.471420862507501,0.6875232432996157,24.0,0.5712305723842902,171,True,True
training-event-007,region-2,975,7.862895739928913,0.4938082143133774,0.5,0.4918793141363203,7,True,True
training-event-007,region-2,975,7.862895739928913,0.4938082143133774,2.0,0.4918793141363203,13,True,True
training-event-007,region-2,975,7.862895739928913,0.4938082143133774,8.0,0.4918793141363203,23,True,True
training-event-007,region-2,975,7.862895739928913,0.4938082143133774,24.0,0.4918793141363203,34,True,True
training-event-007,region-3,2514,8.361965850304006,0.7960515347371471,0.5,0.4366281414967613,21,True,True
training-event-007,region-3,2514,8.361965850304006,0.7960515347371471,2.0,0.4366281414967613,41,True,True
training-event-007,region-3,2514,8.361965850304006,0.7960515347371471,8.0,0.4366281414967613,82,True,True
training-event-007,region-3,2514,8.361965850304006,0.7960515347371471,24.0,0.4366281414967613,147,True,True
training-event-007,region-4,2025,8.718271518037808,0.8728498642222922,0.5,0.9651270401681622,78,True,True
training-event-007,region-4,2025,8.718271518037808,0.8728498642222922,2.0,0.9651270401681622,169,True,True
training-event-007,region-4,2025,8.718271518037808,0.8728498642222922,8.0,0.9651270401681622,341,True,True
training-event-007,region-4,2025,8.718271518037808,0.8728498642222922,24.0,0.9651270401681622,631,True,True
training-event-007,region-5,3317,9.0,0.98,0.5,0.525086015627363,90,True,True
training-event-007,region-5,3317,9.0,0.98,2.0,0.525086015627363,177,True,True
training-event-007,region-5,3317,9.0,0.98,8.0,0.525086015627363,379,True,True
training-event-007,region-5,3317,9.0,0.98,24.0,0.525086015627363,690,True,True
training-event-008,region-0,3020,5.72938571644441,0.4226873319462885,0.5,0.6679503155192651,10,True,True
training-event-008,region-0,3020,5.72938571644441,0.4226873319462885,2.0,0.6679503155192651,21,True,True
training-event-008,region-0,3020,5.72938571644441,0.4226873319462885,8.0,0.6679503155192651,34,True,True
training-event-008,region-0,3020,5.72938571644441,0.4226873319462885,24.0,0.6679503155192651,81,True,True
training-event-008,region-1,1060,6.817718883500921,0.7606737921854021,0.5,0.9597009320956824,16,True,True
training-event-008,region-1,1060,6.817718883500921,0.7606737921854021,2.0,0.9597009320956824,26,True,True
training-event-008,region-1,1060,6.817718883500921,0.7606737921854021,8.0,0.9597009320956824,57,True,True
training-event-008,region-1,1060,6.817718883500921,0.7606737921854021,24.0,0.9597009320956824,88,True,True
training-event-008,region-2,1513,6.789127837124175,0.8061221367068283,0.5,0.906707863033971,17,True,True
training-event-008,region-2,1513,6.789127837124175,0.8061221367068283,2.0,0.906707863033971,31,True,True
training-event-008,region-2,1513,6.789127837124175,0.8061221367068283,8.0,0.906707863033971,74,True,True
training-event-008,region-2,1513,6.789127837124175,0.8061221367068283,24.0,0.906707863033971,151,True,True
training-event-008,region-3,2132,5.954908187729731,0.3825584451649353,0.5,0.8516748582174297,16,True,True
training-event-008,region-3,2132,5.954908187729731,0.3825584451649353,2.0,0.8516748582174297,28,True,True
training-event-008,region-3,2132,5.954908187729731,0.3825584451649353,8.0,0.8516748582174297,51,True,True
training-event-008,region-3,2132,5.954908187729731,0.3825584451649353,24.0,0.8516748582174297,86,True,True
training-event-008,region-4,676,6.374121226354567,0.41961011945188365,0.5,0.6413594871979669,3,True,True
training-event-008,region-4,676,6.374121226354567,0.41961011945188365,2.0,0.6413594871979669,5,True,True
training-event-008,region-4,676,6.374121226354567,0.41961011945188365,8.0,0.6413594871979669,17,True,True
training-event-008,region-4,676,6.374121226354567,0.41961011945188365,24.0,0.6413594871979669,27,True,True
training-event-008,region-5,180,6.42782070607999,0.6684339347558466,0.5,0.7923980206941102,1,True,True
training-event-008,region-5,180,6.42782070607999,0.6684339347558466,2.0,0.7923980206941102,5,True,True
training-event-008,region-5,180,6.42782070607999,0.6684339347558466,8.0,0.7923980206941102,9,True,True
training-event-008,region-5,180,6.42782070607999,0.6684339347558466,24.0,0.7923980206941102,13,True,True
training-event-009,region-0,2294,6.305413554757912,0.49026458144003765,0.5,0.6304521144648887,6,True,True
training-event-009,region-0,2294,6.305413554757912,0.49026458144003765,2.0,0.6304521144648887,14,True,True
training-event-009,region-0,2294,6.305413554757912,0.49026458144003765,8.0,0.6304521144648887,28,True,True
training-event-009,region-0,2294,6.305413554757912,0.49026458144003765,24.0,0.6304521144648887,54,True,True
training-event-009,region-1,1047,7.561923893145366,0.5225202779590742,0.5,0.8748449052786242,12,True,True
training-event-009,region-1,1047,7.561923893145366,0.5225202779590742,2.0,0.8748449052786242,20,True,True
training-event-009,region-1,1047,7.561923893145366,0.5225202779590742,8.0,0.8748449052786242,35,True,True
training-event-009,region-1,1047,7.561923893145366,0.5225202779590742,24.0,0.8748449052786242,55,True,True
training-event-009,region-2,2992,5.792994473859658,0.17951594676370644,0.5,0.7215469651455486,9,True,True
training-event-009,region-2,2992,5.792994473859658,0.17951594676370644,2.0,0.7215469651455486,18,True,True
training-event-009,region-2,2992,5.792994473859658,0.17951594676370644,8.0,0.7215469651455486,32,True,True
training-event-009,region-2,2992,5.792994473859658,0.17951594676370644,24.0,0.7215469651455486,61,True,True
training-event-009,region-3,563,5.391819322740597,0.6763837967048449,0.5,0.6014130738604847,3,True,True
training-event-009,region-3,563,5.391819322740597,0.6763837967048449,2.0,0.6014130738604847,6,True,True
training-event-009,region-3,563,5.391819322740597,0.6763837967048449,8.0,0.6014130738604847,6,True,True
training-event-009,region-3,563,5.391819322740597,0.6763837967048449,24.0,0.6014130738604847,16,True,True
training-event-009,region-4,482,6.6278496292339755,0.48301727152766055,0.5,0.7739413468423115,2,True,True
training-event-009,region-4,482,6.6278496292339755,0.48301727152766055,2.0,0.7739413468423115,6,True,True
training-event-009,region-4,482,6.6278496292339755,0.48301727152766055,8.0,0.7739413468423115,17,True,True
training-event-009,region-4,482,6.6278496292339755,0.48301727152766055,24.0,0.7739413468423115,34,True,True
training-event-009,region-5,337,5.108693654758554,0.4397914800866256,0.5,0.9211669974317934,0,True,True
training-event-009,region-5,337,5.108693654758554,0.4397914800866256,2.0,0.9211669974317934,5,True,True
training-event-009,region-5,337,5.108693654758554,0.4397914800866256,8.0,0.9211669974317934,7,True,True
training-event-009,region-5,337,5.108693654758554,0.4397914800866256,24.0,0.9211669974317934,17,True,True
training-event-010,region-0,684,6.485763699934501,0.39011163947861505,0.5,0.8102187642650668,1,True,True
training-event-010,region-0,684,6.485763699934501,0.39011163947861505,2.0,0.8102187642650668,6,True,True
training-event-010,region-0,684,6.485763699934501,0.39011163947861505,8.0,0.8102187642650668,15,True,True
training-event-010,region-0,684,6.485763699934501,0.39011163947861505,24.0,0.8102187642650668,23,True,True
training-event-010,region-1,3371,7.093411111970515,0.7012773135585876,0.5,0.8495959943592484,51,True,True
training-event-010,region-1,3371,7.093411111970515,0.7012773135585876,2.0,0.8495959943592484,91,True,True
training-event-010,region-1,3371,7.093411111970515,0.7012773135585876,8.0,0.8495959943592484,179,True,True
training-event-010,region-1,3371,7.093411111970515,0.7012773135585876,24.0,0.8495959943592484,352,True,True
training-event-010,region-2,193,7.979365131789606,0.98,0.5,0.9527768966143265,4,True,True
training-event-010,region-2,193,7.979365131789606,0.98,2.0,0.9527768966143265,10,True,True
training-event-010,region-2,193,7.979365131789606,0.98,8.0,0.9527768966143265,18,True,True
training-event-010,region-2,193,7.979365131789606,0.98,24.0,0.9527768966143265,33,True,True
training-event-010,region-3,1484,7.053398738494749,0.41532938625891636,0.5,0.652207641446426,12,True,True
training-event-010,region-3,1484,7.053398738494749,0.41532938625891636,2.0,0.652207641446426,25,True,True
training-event-010,region-3,1484,7.053398738494749,0.41532938625891636,8.0,0.652207641446426,59,True,True
training-event-010,region-3,1484,7.053398738494749,0.41532938625891636,24.0,0.652207641446426,107,True,True
training-event-010,region-4,2894,6.854842534188174,0.26447632932391363,0.5,0.5664881672774394,13,True,True
training-event-010,region-4,2894,6.854842534188174,0.26447632932391363,2.0,0.5664881672774394,20,True,True
training-event-010,region-4,2894,6.854842534188174,0.26447632932391363,8.0,0.5664881672774394,43,True,True
training-event-010,region-4,2894,6.854842534188174,0.26447632932391363,24.0,0.5664881672774394,69,True,True
training-event-010,region-5,435,6.864224998162175,0.6733027460049276,0.5,0.5409556631558172,2,True,True
training-event-010,region-5,435,6.864224998162175,0.6733027460049276,2.0,0.5409556631558172,7,True,True
training-event-010,region-5,435,6.864224998162175,0.6733027460049276,8.0,0.5409556631558172,8,True,True
training-event-010,region-5,435,6.864224998162175,0.6733027460049276,24.0,0.5409556631558172,14,True,True
training-event-011,region-0,3430,7.616171643582572,0.98,0.5,0.8125984769102863,43,True,True
training-event-011,region-0,3430,7.616171643582572,0.98,2.0,0.8125984769102863,81,True,True
training-event-011,region-0,3430,7.616171643582572,0.98,8.0,0.8125984769102863,167,True,True
training-event-011,region-0,3430,7.616171643582572,0.98,24.0,0.8125984769102863,298,True,True
training-event-011,region-1,1671,8.673703741667332,0.9504512013514635,0.5,0.4886683239674207,32,True,True
training-event-011,region-1,1671,8.673703741667332,0.9504512013514635,2.0,0.4886683239674207,66,True,True
training-event-011,region-1,1671,8.673703741667332,0.9504512013514635,8.0,0.4886683239674207,137,True,True
training-event-011,region-1,1671,8.673703741667332,0.9504512013514635,24.0,0.4886683239674207,265,True,True
training-event-011,region-2,568,6.1904824379769146,0.395472845796059,0.5,0.9099813514524177,3,True,True
training-event-011,region-2,568,6.1904824379769146,0.395472845796059,2.0,0.9099813514524177,5,True,True
training-event-011,region-2,568,6.1904824379769146,0.395472845796059,8.0,0.9099813514524177,12,True,True
training-event-011,region-2,568,6.1904824379769146,0.395472845796059,24.0,0.9099813514524177,21,True,True
training-event-011,region-3,1630,6.393775484714974,0.49212890459268993,0.5,0.5657389233429702,12,True,True
training-event-011,region-3,1630,6.393775484714974,0.49212890459268993,2.0,0.5657389233429702,26,True,True
training-event-011,region-3,1630,6.393775484714974,0.49212890459268993,8.0,0.5657389233429702,51,True,True
training-event-011,region-3,1630,6.393775484714974,0.49212890459268993,24.0,0.5657389233429702,90,True,True
training-event-011,region-4,2761,6.04238414984501,0.4560103289208666,0.5,0.9313067638013267,39,True,True
training-event-011,region-4,2761,6.04238414984501,0.4560103289208666,2.0,0.9313067638013267,64,True,True
training-event-011,region-4,2761,6.04238414984501,0.4560103289208666,8.0,0.9313067638013267,134,True,True
training-event-011,region-4,2761,6.04238414984501,0.4560103289208666,24.0,0.9313067638013267,238,True,True
training-event-011,region-5,71,7.90787760378725,0.5699052703570792,0.5,0.5951235476351537,1,True,True
training-event-011,region-5,71,7.90787760378725,0.5699052703570792,2.0,0.5951235476351537,1,True,True
training-event-011,region-5,71,7.90787760378725,0.5699052703570792,8.0,0.5951235476351537,2,True,True
training-event-011,region-5,71,7.90787760378725,0.5699052703570792,24.0,0.5951235476351537,3,True,True
training-event-012,region-0,2925,5.465591623918821,0.24781310231641876,0.5,0.8353808806436714,10,True,True
training-event-012,region-0,2925,5.465591623918821,0.24781310231641876,2.0,0.8353808806436714,21,True,True
training-event-012,region-0,2925,5.465591623918821,0.24781310231641876,8.0,0.8353808806436714,53,True,True
training-event-012,region-0,2925,5.465591623918821,0.24781310231641876,24.0,0.8353808806436714,103,True,True
training-event-012,region-1,674,5.527488262470954,0.4077327104158933,0.5,0.8379525736519039,5,True,True
training-event-012,region-1,674,5.527488262470954,0.4077327104158933,2.0,0.8379525736519039,10,True,True
training-event-012,region-1,674,5.527488262470954,0.4077327104158933,8.0,0.8379525736519039,18,True,True
training-event-012,region-1,674,5.527488262470954,0.4077327104158933,24.0,0.8379525736519039,30,True,True
training-event-012,region-2,1846,6.009934583687869,0.5797787021954574,0.5,0.4854597948731243,8,True,True
training-event-012,region-2,1846,6.009934583687869,0.5797787021954574,2.0,0.4854597948731243,15,True,True
training-event-012,region-2,1846,6.009934583687869,0.5797787021954574,8.0,0.4854597948731243,38,True,True
training-event-012,region-2,1846,6.009934583687869,0.5797787021954574,24.0,0.4854597948731243,62,True,True
training-event-012,region-3,1745,6.527388528840259,0.5011982308756453,0.5,0.579841683896656,7,True,True
training-event-012,region-3,1745,6.527388528840259,0.5011982308756453,2.0,0.579841683896656,20,True,True
training-event-012,region-3,1745,6.527388528840259,0.5011982308756453,8.0,0.579841683896656,49,True,True
training-event-012,region-3,1745,6.527388528840259,0.5011982308756453,24.0,0.579841683896656,94,True,True
training-event-012,region-4,1587,6.224630154649307,0.2506469475311852,0.5,0.5180770121693768,6,True,True
training-event-012,region-4,1587,6.224630154649307,0.2506469475311852,2.0,0.5180770121693768,14,True,True
training-event-012,region-4,1587,6.224630154649307,0.2506469475311852,8.0,0.5180770121693768,29,True,True
training-event-012,region-4,1587,6.224630154649307,0.2506469475311852,24.0,0.5180770121693768,49,True,True
training-event-012,region-5,3353,5.373607047028209,0.25907166972980583,0.5,0.6264441123533381,7,True,True
training-event-012,region-5,3353,5.373607047028209,0.25907166972980583,2.0,0.6264441123533381,14,True,True
training-event-012,region-5,3353,5.373607047028209,0.25907166972980583,8.0,0.6264441123533381,39,True,True
training-event-012,region-5,3353,5.373607047028209,0.25907166972980583,24.0,0.6264441123533381,69,True,True
training-event-013,region-0,3140,4.0,0.26498721866355185,0.5,0.6889732284284416,1,True,True
training-event-013,region-0,3140,4.0,0.26498721866355185,2.0,0.6889732284284416,8,True,True
training-event-013,region-0,3140,4.0,0.26498721866355185,8.0,0.6889732284284416,14,True,True
training-event-013,region-0,3140,4.0,0.26498721866355185,24.0,0.6889732284284416,35,True,True
training-event-013,region-1,126,4.0,0.02,0.5,0.5729755411600779,0,True,True
training-event-013,region-1,126,4.0,0.02,2.0,0.5729755411600779,0,True,True
training-event-013,region-1,126,4.0,0.02,8.0,0.5729755411600779,1,True,True
training-event-013,region-1,126,4.0,0.02,24.0,0.5729755411600779,3,True,True
training-event-013,region-2,466,5.179161389468893,0.24138462200749772,0.5,0.7862995610699663,3,True,True
training-event-013,region-2,466,5.179161389468893,0.24138462200749772,2.0,0.7862995610699663,4,True,True
training-event-013,region-2,466,5.179161389468893,0.24138462200749772,8.0,0.7862995610699663,6,True,True
training-event-013,region-2,466,5.179161389468893,0.24138462200749772,24.0,0.7862995610699663,11,True,True
training-event-013,region-3,557,5.911539918389247,0.3250897942373554,0.5,0.6025042550614934,1,True,True
training-event-013,region-3,557,5.911539918389247,0.3250897942373554,2.0,0.6025042550614934,3,True,True
training-event-013,region-3,557,5.911539918389247,0.3250897942373554,8.0,0.6025042550614934,7,True,True
training-event-013,region-3,557,5.911539918389247,0.3250897942373554,24.0,0.6025042550614934,15,True,True
training-event-013,region-4,175,5.312166954419168,0.20433600049391806,0.5,0.6403569514306358,0,True,True
training-event-013,region-4,175,5.312166954419168,0.20433600049391806,2.0,0.6403569514306358,1,True,True
training-event-013,region-4,175,5.312166954419168,0.20433600049391806,8.0,0.6403569514306358,1,True,True
training-event-013,region-4,175,5.312166954419168,0.20433600049391806,24.0,0.6403569514306358,4,True,True
training-event-013,region-5,3096,5.198795920808624,0.09121668554196508,0.5,0.6400112409370553,8,True,True
training-event-013,region-5,3096,5.198795920808624,0.09121668554196508,2.0,0.6400112409370553,19,True,True
training-event-013,region-5,3096,5.198795920808624,0.09121668554196508,8.0,0.6400112409370553,35,True,True
training-event-013,region-5,3096,5.198795920808624,0.09121668554196508,24.0,0.6400112409370553,66,True,True
training-event-014,region-0,897,5.449894664017302,0.28300118328478074,0.5,0.6176573293373341,5,True,True
training-event-014,region-0,897,5.449894664017302,0.28300118328478074,2.0,0.6176573293373341,8,True,True
training-event-014,region-0,897,5.449894664017302,0.28300118328478074,8.0,0.6176573293373341,13,True,True
training-event-014,region-0,897,5.449894664017302,0.28300118328478074,24.0,0.6176573293373341,22,True,True
training-event-014,region-1,3345,5.922342533768537,0.48689737019413243,0.5,0.42461149811909965,21,True,True
training-event-014,region-1,3345,5.922342533768537,0.48689737019413243,2.0,0.42461149811909965,35,True,True
training-event-014,region-1,3345,5.922342533768537,0.48689737019413243,8.0,0.42461149811909965,68,True,True
training-event-014,region-1,3345,5.922342533768537,0.48689737019413243,24.0,0.42461149811909965,109,True,True
training-event-014,region-2,1697,6.938760719015756,0.7708476262646264,0.5,0.6909060987271363,11,True,True
training-event-014,region-2,1697,6.938760719015756,0.7708476262646264,2.0,0.6909060987271363,28,True,True
training-event-014,region-2,1697,6.938760719015756,0.7708476262646264,8.0,0.6909060987271363,46,True,True
training-event-014,region-2,1697,6.938760719015756,0.7708476262646264,24.0,0.6909060987271363,89,True,True
training-event-014,region-3,2925,6.327058580675917,0.4113561167700173,0.5,0.7160346129515021,7,True,True
training-event-014,region-3,2925,6.327058580675917,0.4113561167700173,2.0,0.7160346129515021,19,True,True
training-event-014,region-3,2925,6.327058580675917,0.4113561167700173,8.0,0.7160346129515021,37,True,True
training-event-014,region-3,2925,6.327058580675917,0.4113561167700173,24.0,0.7160346129515021,74,True,True
training-event-014,region-4,3298,6.2601063286696945,0.22886158500375553,0.5,0.4453687379407854,5,True,True
training-event-014,region-4,3298,6.2601063286696945,0.22886158500375553,2.0,0.4453687379407854,10,True,True
training-event-014,region-4,3298,6.2601063286696945,0.22886158500375553,8.0,0.4453687379407854,25,True,True
training-event-014,region-4,3298,6.2601063286696945,0.22886158500375553,24.0,0.4453687379407854,60,True,True
training-event-014,region-5,439,5.777249250945903,0.4802696027820059,0.5,0.5692851484925439,1,True,True
training-event-014,region-5,439,5.777249250945903,0.4802696027820059,2.0,0.5692851484925439,3,True,True
training-event-014,region-5,439,5.777249250945903,0.4802696027820059,8.0,0.5692851484925439,4,True,True
training-event-014,region-5,439,5.777249250945903,0.4802696027820059,24.0,0.5692851484925439,9,True,True
training-event-015,region-0,121,5.648434465370059,0.4558250921298179,0.5,0.8981800787560643,1,True,True
training-event-015,region-0,121,5.648434465370059,0.4558250921298179,2.0,0.8981800787560643,1,True,True
training-event-015,region-0,121,5.648434465370059,0.4558250921298179,8.0,0.8981800787560643,3,True,True
training-event-015,region-0,121,5.648434465370059,0.4558250921298179,24.0,0.8981800787560643,5,True,True
training-event-015,region-1,62,6.276482222966828,0.7057266700256194,0.5,0.9382789300674161,0,True,True
training-event-015,region-1,62,6.276482222966828,0.7057266700256194,2.0,0.9382789300674161,0,True,True
training-event-015,region-1,62,6.276482222966828,0.7057266700256194,8.0,0.9382789300674161,1,True,True
training-event-015,region-1,62,6.276482222966828,0.7057266700256194,24.0,0.9382789300674161,4,True,True
training-event-015,region-2,2188,5.910396295176876,0.4413065155193205,0.5,0.9426350572312726,23,True,True
training-event-015,region-2,2188,5.910396295176876,0.4413065155193205,2.0,0.9426350572312726,45,True,True
training-event-015,region-2,2188,5.910396295176876,0.4413065155193205,8.0,0.9426350572312726,90,True,True
training-event-015,region-2,2188,5.910396295176876,0.4413065155193205,24.0,0.9426350572312726,155,True,True
training-event-015,region-3,1650,5.455661075630008,0.04982871445408871,0.5,0.5508533911374569,2,True,True
training-event-015,region-3,1650,5.455661075630008,0.04982871445408871,2.0,0.5508533911374569,3,True,True
training-event-015,region-3,1650,5.455661075630008,0.04982871445408871,8.0,0.5508533911374569,8,True,True
training-event-015,region-3,1650,5.455661075630008,0.04982871445408871,24.0,0.5508533911374569,11,True,True
training-event-015,region-4,2992,6.666690685178599,0.7946198007931751,0.5,0.7587769931260309,41,True,True
training-event-015,region-4,2992,6.666690685178599,0.7946198007931751,2.0,0.7587769931260309,85,True,True
training-event-015,region-4,2992,6.666690685178599,0.7946198007931751,8.0,0.7587769931260309,162,True,True
training-event-015,region-4,2992,6.666690685178599,0.7946198007931751,24.0,0.7587769931260309,283,True,True
training-event-015,region-5,1528,5.669061142354938,0.05493185712507964,0.5,0.45157651310616764,3,True,True
training-event-015,region-5,1528,5.669061142354938,0.05493185712507964,2.0,0.45157651310616764,5,True,True
training-event-015,region-5,1528,5.669061142354938,0.05493185712507964,8.0,0.45157651310616764,7,True,True
training-event-015,region-5,1528,5.669061142354938,0.05493185712507964,24.0,0.45157651310616764,16,True,True
training-event-016,region-0,1394,6.854189079186128,0.45616005851446584,0.5,0.8906201047631481,10,True,True
training-event-016,region-0,1394,6.854189079186128,0.45616005851446584,2.0,0.8906201047631481,16,True,True
training-event-016,region-0,1394,6.854189079186128,0.45616005851446584,8.0,0.8906201047631481,31,True,True
training-event-016,region-0,1394,6.854189079186128,0.45616005851446584,24.0,0.8906201047631481,57,True,True
training-event-016,region-1,3066,7.18792376042316,0.671792522569029,0.5,0.45161547623764403,36,True,True
training-event-016,region-1,3066,7.18792376042316,0.671792522569029,2.0,0.45161547623764403,64,True,True
training-event-016,region-1,3066,7.18792376042316,0.671792522569029,8.0,0.45161547623764403,134,True,True
training-event-016,region-1,3066,7.18792376042316,0.671792522569029,24.0,0.45161547623764403,226,True,True
training-event-016,region-2,401,6.142737576833772,0.7667161935850457,0.5,0.6031076011740433,5,True,True
training-event-016,region-2,401,6.142737576833772,0.7667161935850457,2.0,0.6031076011740433,8,True,True
training-event-016,region-2,401,6.142737576833772,0.7667161935850457,8.0,0.6031076011740433,17,True,True
training-event-016,region-2,401,6.142737576833772,0.7667161935850457,24.0,0.6031076011740433,32,True,True
training-event-016,region-3,101,7.36286332474726,0.5652263605830425,0.5,0.5712143599417063,0,True,True
training-event-016,region-3,101,7.36286332474726,0.5652263605830425,2.0,0.5712143599417063,2,True,True
training-event-016,region-3,101,7.36286332474726,0.5652263605830425,8.0,0.5712143599417063,3,True,True
training-event-016,region-3,101,7.36286332474726,0.5652263605830425,24.0,0.5712143599417063,4,True,True
training-event-016,region-4,749,6.342880694471666,0.3438351001629282,0.5,0.5763404016358213,4,True,True
training-event-016,region-4,749,6.342880694471666,0.3438351001629282,2.0,0.5763404016358213,7,True,True
training-event-016,region-4,749,6.342880694471666,0.3438351001629282,8.0,0.5763404016358213,15,True,True
training-event-016,region-4,749,6.342880694471666,0.3438351001629282,24.0,0.5763404016358213,25,True,True
training-event-016,region-5,1431,6.394317852377219,0.432818811721716,0.5,0.8156074055861748,26,True,True
training-event-016,region-5,1431,6.394317852377219,0.432818811721716,2.0,0.8156074055861748,43,True,True
training-event-016,region-5,1431,6.394317852377219,0.432818811721716,8.0,0.8156074055861748,85,True,True
training-event-016,region-5,1431,6.394317852377219,0.432818811721716,24.0,0.8156074055861748,160,True,True
training-event-017,region-0,2207,6.961696002285112,0.6651343299621724,0.5,0.7300765928757807,27,True,True
training-event-017,region-0,2207,6.961696002285112,0.6651343299621724,2.0,0.7300765928757807,43,True,True
training-event-017,region-0,2207,6.961696002285112,0.6651343299621724,8.0,0.7300765928757807,79,True,True
training-event-017,region-0,2207,6.961696002285112,0.6651343299621724,24.0,0.7300765928757807,149,True,True
training-event-017,region-1,781,6.823936915920712,0.7266109800444874,0.5,0.8321162351175282,13,True,True
training-event-017,region-1,781,6.823936915920712,0.7266109800444874,2.0,0.8321162351175282,24,True,True
training-event-017,region-1,781,6.823936915920712,0.7266109800444874,8.0,0.8321162351175282,42,True,True
training-event-017,region-1,781,6.823936915920712,0.7266109800444874,24.0,0.8321162351175282,82,True,True
training-event-017,region-2,2779,7.100932029194103,0.8510431124383523,0.5,0.700091326392036,28,True,True
training-event-017,region-2,2779,7.100932029194103,0.8510431124383523,2.0,0.700091326392036,55,True,True
training-event-017,region-2,2779,7.100932029194103,0.8510431124383523,8.0,0.700091326392036,116,True,True
training-event-017,region-2,2779,7.100932029194103,0.8510431124383523,24.0,0.700091326392036,206,True,True
training-event-017,region-3,1651,7.26974844928349,0.5583646175777597,0.5,0.5633717098168762,6,True,True
training-event-017,region-3,1651,7.26974844928349,0.5583646175777597,2.0,0.5633717098168762,12,True,True
training-event-017,region-3,1651,7.26974844928349,0.5583646175777597,8.0,0.5633717098168762,33,True,True
training-event-017,region-3,1651,7.26974844928349,0.5583646175777597,24.0,0.5633717098168762,61,True,True
training-event-017,region-4,254,7.6607924879947,0.8103385389039756,0.5,0.9219541237220966,6,True,True
training-event-017,region-4,254,7.6607924879947,0.8103385389039756,2.0,0.9219541237220966,10,True,True
training-event-017,region-4,254,7.6607924879947,0.8103385389039756,8.0,0.9219541237220966,14,True,True
training-event-017,region-4,254,7.6607924879947,0.8103385389039756,24.0,0.9219541237220966,28,True,True
training-event-017,region-5,363,8.045068669787664,0.98,0.5,0.6538467742988916,7,True,True
training-event-017,region-5,363,8.045068669787664,0.98,2.0,0.6538467742988916,12,True,True
training-event-017,region-5,363,8.045068669787664,0.98,8.0,0.6538467742988916,33,True,True
training-event-017,region-5,363,8.045068669787664,0.98,24.0,0.6538467742988916,62,True,True
training-event-018,region-0,408,8.07326583524829,0.5491101915229559,0.5,0.42951043897095054,2,True,True
training-event-018,region-0,408,8.07326583524829,0.5491101915229559,2.0,0.42951043897095054,2,True,True
training-event-018,region-0,408,8.07326583524829,0.5491101915229559,8.0,0.42951043897095054,20,True,True
training-event-018,region-0,408,8.07326583524829,0.5491101915229559,24.0,0.42951043897095054,32,True,True
training-event-018,region-1,3023,7.639751166363798,0.49916526334231337,0.5,0.4569828966885342,25,True,True
training-event-018,region-1,3023,7.639751166363798,0.49916526334231337,2.0,0.4569828966885342,42,True,True
training-event-018,region-1,3023,7.639751166363798,0.49916526334231337,8.0,0.4569828966885342,91,True,True
training-event-018,region-1,3023,7.639751166363798,0.49916526334231337,24.0,0.4569828966885342,158,True,True
training-event-018,region-2,3183,8.064162612912343,0.7416103525965504,0.5,0.6960413143201395,22,True,True
training-event-018,region-2,3183,8.064162612912343,0.7416103525965504,2.0,0.6960413143201395,39,True,True
training-event-018,region-2,3183,8.064162612912343,0.7416103525965504,8.0,0.6960413143201395,112,True,True
training-event-018,region-2,3183,8.064162612912343,0.7416103525965504,24.0,0.6960413143201395,205,True,True
training-event-018,region-3,2751,8.987665812713669,0.8388349047730903,0.5,0.5301609571999679,37,True,True
training-event-018,region-3,2751,8.987665812713669,0.8388349047730903,2.0,0.5301609571999679,85,True,True
training-event-018,region-3,2751,8.987665812713669,0.8388349047730903,8.0,0.5301609571999679,168,True,True
training-event-018,region-3,2751,8.987665812713669,0.8388349047730903,24.0,0.5301609571999679,328,True,True
training-event-018,region-4,1000,8.870775875077248,0.98,0.5,0.755060918789092,27,True,True
training-event-018,region-4,1000,8.870775875077248,0.98,2.0,0.755060918789092,64,True,True
training-event-018,region-4,1000,8.870775875077248,0.98,8.0,0.755060918789092,126,True,True
training-event-018,region-4,1000,8.870775875077248,0.98,24.0,0.755060918789092,235,True,True
training-event-018,region-5,241,7.881791551180414,0.64731787092501,0.5,0.9470805569826315,6,True,True
training-event-018,region-5,241,7.881791551180414,0.64731787092501,2.0,0.9470805569826315,10,True,True
training-event-018,region-5,241,7.881791551180414,0.64731787092501,8.0,0.9470805569826315,17,True,True
training-event-018,region-5,241,7.881791551180414,0.64731787092501,24.0,0.9470805569826315,28,True,True
training-event-019,region-0,85,5.681047735342419,0.3530485679932141,0.5,0.5857303146360442,0,True,True
training-event-019,region-0,85,5.681047735342419,0.3530485679932141,2.0,0.5857303146360442,0,True,True
training-event-019,region-0,85,5.681047735342419,0.3530485679932141,8.0,0.5857303146360442,0,True,True
training-event-019,region-0,85,5.681047735342419,0.3530485679932141,24.0,0.5857303146360442,1,True,True
training-event-019,region-1,2088,5.36389349713356,0.024853357609079252,0.5,0.40250989860713426,5,True,True
training-event-019,region-1,2088,5.36389349713356,0.024853357609079252,2.0,0.40250989860713426,8,True,True
training-event-019,region-1,2088,5.36389349713356,0.024853357609079252,8.0,0.40250989860713426,20,True,True
training-event-019,region-1,2088,5.36389349713356,0.024853357609079252,24.0,0.40250989860713426,27,True,True
training-event-019,region-2,1356,4.675724309124367,0.02,0.5,0.6376905338921007,0,True,True
training-event-019,region-2,1356,4.675724309124367,0.02,2.0,0.6376905338921007,0,True,True
training-event-019,region-2,1356,4.675724309124367,0.02,8.0,0.6376905338921007,3,True,True
training-event-019,region-2,1356,4.675724309124367,0.02,24.0,0.6376905338921007,7,True,True
training-event-019,region-3,1025,5.461197985318668,0.5170326203596749,0.5,0.9739551765051049,15,True,True
training-event-019,region-3,1025,5.461197985318668,0.5170326203596749,2.0,0.9739551765051049,26,True,True
training-event-019,region-3,1025,5.461197985318668,0.5170326203596749,8.0,0.9739551765051049,51,True,True
training-event-019,region-3,1025,5.461197985318668,0.5170326203596749,24.0,0.9739551765051049,86,True,True
training-event-019,region-4,3305,5.224863247831082,0.02,0.5,0.7824118962013364,16,True,True
training-event-019,region-4,3305,5.224863247831082,0.02,2.0,0.7824118962013364,30,True,True
training-event-019,region-4,3305,5.224863247831082,0.02,8.0,0.7824118962013364,63,True,True
training-event-019,region-4,3305,5.224863247831082,0.02,24.0,0.7824118962013364,106,True,True
training-event-019,region-5,1270,4.0,0.02,0.5,0.4701042728561359,2,True,True
training-event-019,region-5,1270,4.0,0.02,2.0,0.4701042728561359,4,True,True
training-event-019,region-5,1270,4.0,0.02,8.0,0.4701042728561359,12,True,True
training-event-019,region-5,1270,4.0,0.02,24.0,0.4701042728561359,21,True,True
training-event-020,region-0,1724,4.385812686354226,0.2885712040966367,0.5,0.7278394367147552,5,True,True
training-event-020,region-0,1724,4.385812686354226,0.2885712040966367,2.0,0.7278394367147552,8,True,True
training-event-020,region-0,1724,4.385812686354226,0.2885712040966367,8.0,0.7278394367147552,16,True,True
training-event-020,region-0,1724,4.385812686354226,0.2885712040966367,24.0,0.7278394367147552,24,True,True
training-event-020,region-1,1958,6.566549123758958,0.9088697784235125,0.5,0.8836367203053019,29,True,True
training-event-020,region-1,1958,6.566549123758958,0.9088697784235125,2.0,0.8836367203053019,65,True,True
training-event-020,region-1,1958,6.566549123758958,0.9088697784235125,8.0,0.8836367203053019,169,True,True
training-event-020,region-1,1958,6.566549123758958,0.9088697784235125,24.0,0.8836367203053019,307,True,True
training-event-020,region-2,3140,5.133091188177844,0.03077388099182185,0.5,0.8441414021438316,10,True,True
training-event-020,region-2,3140,5.133091188177844,0.03077388099182185,2.0,0.8441414021438316,21,True,True
training-event-020,region-2,3140,5.133091188177844,0.03077388099182185,8.0,0.8441414021438316,35,True,True
training-event-020,region-2,3140,5.133091188177844,0.03077388099182185,24.0,0.8441414021438316,63,True,True
training-event-020,region-3,2081,4.0,0.0996926932443176,0.5,0.44257844659629497,3,True,True
training-event-020,region-3,2081,4.0,0.0996926932443176,2.0,0.44257844659629497,3,True,True
training-event-020,region-3,2081,4.0,0.0996926932443176,8.0,0.44257844659629497,8,True,True
training-event-020,region-3,2081,4.0,0.0996926932443176,24.0,0.44257844659629497,12,True,True
training-event-020,region-4,901,5.501702412728612,0.07251192504112319,0.5,0.9204463053713247,1,True,True
training-event-020,region-4,901,5.501702412728612,0.07251192504112319,2.0,0.9204463053713247,2,True,True
training-event-020,region-4,901,5.501702412728612,0.07251192504112319,8.0,0.9204463053713247,10,True,True
training-event-020,region-4,901,5.501702412728612,0.07251192504112319,24.0,0.9204463053713247,21,True,True
training-event-020,region-5,2005,5.45434055966874,0.04693988902488466,0.5,0.4688689613047996,1,True,True
training-event-020,region-5,2005,5.45434055966874,0.04693988902488466,2.0,0.4688689613047996,3,True,True
training-event-020,region-5,2005,5.45434055966874,0.04693988902488466,8.0,0.4688689613047996,7,True,True
training-event-020,region-5,2005,5.45434055966874,0.04693988902488466,24.0,0.4688689613047996,20,True,True
training-event-021,region-0,515,5.154777833933104,0.29267561982449314,0.5,0.6513712669071885,3,True,True
training-event-021,region-0,515,5.154777833933104,0.29267561982449314,2.0,0.6513712669071885,5,True,True
training-event-021,region-0,515,5.154777833933104,0.29267561982449314,8.0,0.6513712669071885,8,True,True
training-event-021,region-0,515,5.154777833933104,0.29267561982449314,24.0,0.6513712669071885,12,True,True
training-event-021,region-1,1059,4.0,0.03305405203046531,0.5,0.4051961981095966,0,True,True
training-event-021,region-1,1059,4.0,0.03305405203046531,2.0,0.4051961981095966,1,True,True
training-event-021,region-1,1059,4.0,0.03305405203046531,8.0,0.4051961981095966,2,True,True
training-event-021,region-1,1059,4.0,0.03305405203046531,24.0,0.4051961981095966,5,True,True
training-event-021,region-2,353,5.075146378160992,0.21937394888098055,0.5,0.5145741241509255,2,True,True
training-event-021,region-2,353,5.075146378160992,0.21937394888098055,2.0,0.5145741241509255,2,True,True
training-event-021,region-2,353,5.075146378160992,0.21937394888098055,8.0,0.5145741241509255,3,True,True
training-event-021,region-2,353,5.075146378160992,0.21937394888098055,24.0,0.5145741241509255,3,True,True
training-event-021,region-3,781,4.715265302811529,0.28662930797766933,0.5,0.5576190902841418,1,True,True
training-event-021,region-3,781,4.715265302811529,0.28662930797766933,2.0,0.5576190902841418,5,True,True
training-event-021,region-3,781,4.715265302811529,0.28662930797766933,8.0,0.5576190902841418,10,True,True
training-event-021,region-3,781,4.715265302811529,0.28662930797766933,24.0,0.5576190902841418,15,True,True
training-event-021,region-4,595,5.305594749525051,0.23043127837294836,0.5,0.64333360073111,2,True,True
training-event-021,region-4,595,5.305594749525051,0.23043127837294836,2.0,0.64333360073111,2,True,True
training-event-021,region-4,595,5.305594749525051,0.23043127837294836,8.0,0.64333360073111,10,True,True
training-event-021,region-4,595,5.305594749525051,0.23043127837294836,24.0,0.64333360073111,18,True,True
training-event-021,region-5,1243,4.626690209123597,0.02,0.5,0.6864142656511376,5,True,True
training-event-021,region-5,1243,4.626690209123597,0.02,2.0,0.6864142656511376,8,True,True
training-event-021,region-5,1243,4.626690209123597,0.02,8.0,0.6864142656511376,10,True,True
training-event-021,region-5,1243,4.626690209123597,0.02,24.0,0.6864142656511376,23,True,True
training-event-022,region-0,2000,4.791849935921153,0.10777903633620652,0.5,0.6010807140784193,3,True,True
training-event-022,region-0,2000,4.791849935921153,0.10777903633620652,2.0,0.6010807140784193,7,True,True
training-event-022,region-0,2000,4.791849935921153,0.10777903633620652,8.0,0.6010807140784193,10,True,True
training-event-022,region-0,2000,4.791849935921153,0.10777903633620652,24.0,0.6010807140784193,19,True,True
training-event-022,region-1,3401,5.888562777933719,0.27780057784072953,0.5,0.5661959874583087,14,True,True
training-event-022,region-1,3401,5.888562777933719,0.27780057784072953,2.0,0.5661959874583087,33,True,True
training-event-022,region-1,3401,5.888562777933719,0.27780057784072953,8.0,0.5661959874583087,57,True,True
training-event-022,region-1,3401,5.888562777933719,0.27780057784072953,24.0,0.5661959874583087,101,True,True
training-event-022,region-2,87,5.832366887540153,0.18773812827112288,0.5,0.8091956149795347,1,True,True
training-event-022,region-2,87,5.832366887540153,0.18773812827112288,2.0,0.8091956149795347,1,True,True
training-event-022,region-2,87,5.832366887540153,0.18773812827112288,8.0,0.8091956149795347,3,True,True
training-event-022,region-2,87,5.832366887540153,0.18773812827112288,24.0,0.8091956149795347,4,True,True
training-event-022,region-3,1253,5.315064278218266,0.23980244717923133,0.5,0.6419201344068739,3,True,True
training-event-022,region-3,1253,5.315064278218266,0.23980244717923133,2.0,0.6419201344068739,6,True,True
training-event-022,region-3,1253,5.315064278218266,0.23980244717923133,8.0,0.6419201344068739,13,True,True
training-event-022,region-3,1253,5.315064278218266,0.23980244717923133,24.0,0.6419201344068739,27,True,True
training-event-022,region-4,378,5.748997018363812,0.5956205467030073,0.5,0.6336441792457601,1,True,True
training-event-022,region-4,378,5.748997018363812,0.5956205467030073,2.0,0.6336441792457601,1,True,True
training-event-022,region-4,378,5.748997018363812,0.5956205467030073,8.0,0.6336441792457601,4,True,True
training-event-022,region-4,378,5.748997018363812,0.5956205467030073,24.0,0.6336441792457601,9,True,True
training-event-022,region-5,1547,5.897281826256135,0.46997748896832514,0.5,0.7176518249089621,8,True,True
training-event-022,region-5,1547,5.897281826256135,0.46997748896832514,2.0,0.7176518249089621,17,True,True
training-event-022,region-5,1547,5.897281826256135,0.46997748896832514,8.0,0.7176518249089621,36,True,True
training-event-022,region-5,1547,5.897281826256135,0.46997748896832514,24.0,0.7176518249089621,64,True,True
training-event-023,region-0,3359,6.662985198924776,0.3807855905511369,0.5,0.4618847291291441,8,True,True
training-event-023,region-0,3359,6.662985198924776,0.3807855905511369,2.0,0.4618847291291441,19,True,True
training-event-023,region-0,3359,6.662985198924776,0.3807855905511369,8.0,0.4618847291291441,40,True,True
training-event-023,region-0,3359,6.662985198924776,0.3807855905511369,24.0,0.4618847291291441,76,True,True
training-event-023,region-1,417,5.41714768813118,0.4832339417424907,0.5,0.9320068501721682,4,True,True
training-event-023,region-1,417,5.41714768813118,0.4832339417424907,2.0,0.9320068501721682,10,True,True
training-event-023,region-1,417,5.41714768813118,0.4832339417424907,8.0,0.9320068501721682,14,True,True
training-event-023,region-1,417,5.41714768813118,0.4832339417424907,24.0,0.9320068501721682,21,True,True
training-event-023,region-2,650,6.545133039195505,0.6022202798728845,0.5,0.6359216185030193,3,True,True
training-event-023,region-2,650,6.545133039195505,0.6022202798728845,2.0,0.6359216185030193,5,True,True
training-event-023,region-2,650,6.545133039195505,0.6022202798728845,8.0,0.6359216185030193,10,True,True
training-event-023,region-2,650,6.545133039195505,0.6022202798728845,24.0,0.6359216185030193,16,True,True
training-event-023,region-3,1881,6.0623356658499326,0.2768488766537559,0.5,0.9061405956186206,16,True,True
training-event-023,region-3,1881,6.0623356658499326,0.2768488766537559,2.0,0.9061405956186206,35,True,True
training-event-023,region-3,1881,6.0623356658499326,0.2768488766537559,8.0,0.9061405956186206,69,True,True
training-event-023,region-3,1881,6.0623356658499326,0.2768488766537559,24.0,0.9061405956186206,120,True,True
training-event-023,region-4,1909,5.710715730598032,0.25582478709967615,0.5,0.7911718175307627,4,True,True
training-event-023,region-4,1909,5.710715730598032,0.25582478709967615,2.0,0.7911718175307627,12,True,True
training-event-023,region-4,1909,5.710715730598032,0.25582478709967615,8.0,0.7911718175307627,35,True,True
training-event-023,region-4,1909,5.710715730598032,0.25582478709967615,24.0,0.7911718175307627,79,True,True
training-event-023,region-5,2960,5.8386768574168295,0.5107198544454432,0.5,0.7023170190806824,19,True,True
training-event-023,region-5,2960,5.8386768574168295,0.5107198544454432,2.0,0.7023170190806824,31,True,True
training-event-023,region-5,2960,5.8386768574168295,0.5107198544454432,8.0,0.7023170190806824,59,True,True
training-event-023,region-5,2960,5.8386768574168295,0.5107198544454432,24.0,0.7023170190806824,96,True,True
training-event-024,region-0,492,5.021159357266781,0.23133631046232295,0.5,0.7499694988903262,3,True,True
training-event-024,region-0,492,5.021159357266781,0.23133631046232295,2.0,0.7499694988903262,4,True,True
training-event-024,region-0,492,5.021159357266781,0.23133631046232295,8.0,0.7499694988903262,5,True,True
training-event-024,region-0,492,5.021159357266781,0.23133631046232295,24.0,0.7499694988903262,7,True,True
training-event-024,region-1,3376,4.811372658947162,0.2819296906175562,0.5,0.7726747507071952,3,True,True
training-event-024,region-1,3376,4.811372658947162,0.2819296906175562,2.0,0.7726747507071952,7,True,True
training-event-024,region-1,3376,4.811372658947162,0.2819296906175562,8.0,0.7726747507071952,18,True,True
training-event-024,region-1,3376,4.811372658947162,0.2819296906175562,24.0,0.7726747507071952,33,True,True
training-event-024,region-2,2588,5.520885056649189,0.24972413074082903,0.5,0.5942040165461574,3,True,True
training-event-024,region-2,2588,5.520885056649189,0.24972413074082903,2.0,0.5942040165461574,7,True,True
training-event-024,region-2,2588,5.520885056649189,0.24972413074082903,8.0,0.5942040165461574,15,True,True
training-event-024,region-2,2588,5.520885056649189,0.24972413074082903,24.0,0.5942040165461574,27,True,True
training-event-024,region-3,2632,5.335596871758672,0.02,0.5,0.9614080364232318,15,True,True
training-event-024,region-3,2632,5.335596871758672,0.02,2.0,0.9614080364232318,31,True,True
training-event-024,region-3,2632,5.335596871758672,0.02,8.0,0.9614080364232318,62,True,True
training-event-024,region-3,2632,5.335596871758672,0.02,24.0,0.9614080364232318,101,True,True
training-event-024,region-4,940,5.5285828333672224,0.5661563870165545,0.5,0.40338822098978633,0,True,True
training-event-024,region-4,940,5.5285828333672224,0.5661563870165545,2.0,0.40338822098978633,0,True,True
training-event-024,region-4,940,5.5285828333672224,0.5661563870165545,8.0,0.40338822098978633,8,True,True
training-event-024,region-4,940,5.5285828333672224,0.5661563870165545,24.0,0.40338822098978633,12,True,True
training-event-024,region-5,633,4.88311548621282,0.37796795687988666,0.5,0.45818297663858626,2,True,True
training-event-024,region-5,633,4.88311548621282,0.37796795687988666,2.0,0.45818297663858626,2,True,True
training-event-024,region-5,633,4.88311548621282,0.37796795687988666,8.0,0.45818297663858626,8,True,True
training-event-024,region-5,633,4.88311548621282,0.37796795687988666,24.0,0.45818297663858626,13,True,True
training-event-025,region-0,2304,5.096265210913513,0.25689417146690424,0.5,0.9702718371050286,4,True,True
training-event-025,region-0,2304,5.096265210913513,0.25689417146690424,2.0,0.9702718371050286,8,True,True
training-event-025,region-0,2304,5.096265210913513,0.25689417146690424,8.0,0.9702718371050286,19,True,True
training-event-025,region-0,2304,5.096265210913513,0.25689417146690424,24.0,0.9702718371050286,34,True,True
training-event-025,region-1,1206,6.611856214216027,0.42895205513488277,0.5,0.8435671405154062,9,True,True
training-event-025,region-1,1206,6.611856214216027,0.42895205513488277,2.0,0.8435671405154062,16,True,True
training-event-025,region-1,1206,6.611856214216027,0.42895205513488277,8.0,0.8435671405154062,40,True,True
training-event-025,region-1,1206,6.611856214216027,0.42895205513488277,24.0,0.8435671405154062,77,True,True
training-event-025,region-2,2170,6.700065171449845,0.48674786170668155,0.5,0.8829535417361348,19,True,True
training-event-025,region-2,2170,6.700065171449845,0.48674786170668155,2.0,0.8829535417361348,43,True,True
training-event-025,region-2,2170,6.700065171449845,0.48674786170668155,8.0,0.8829535417361348,85,True,True
training-event-025,region-2,2170,6.700065171449845,0.48674786170668155,24.0,0.8829535417361348,163,True,True
training-event-025,region-3,348,5.8251551891335485,0.5279962155160963,0.5,0.4773724106797415,2,True,True
training-event-025,region-3,348,5.8251551891335485,0.5279962155160963,2.0,0.4773724106797415,2,True,True
training-event-025,region-3,348,5.8251551891335485,0.5279962155160963,8.0,0.4773724106797415,4,True,True
training-event-025,region-3,348,5.8251551891335485,0.5279962155160963,24.0,0.4773724106797415,9,True,True
training-event-025,region-4,2518,5.475459319667857,0.15337520694866247,0.5,0.6859978469073105,6,True,True
training-event-025,region-4,2518,5.475459319667857,0.15337520694866247,2.0,0.6859978469073105,13,True,True
training-event-025,region-4,2518,5.475459319667857,0.15337520694866247,8.0,0.6859978469073105,33,True,True
training-event-025,region-4,2518,5.475459319667857,0.15337520694866247,24.0,0.6859978469073105,54,True,True
training-event-025,region-5,2884,6.219557537751189,0.4564645363773802,0.5,0.661917696755897,8,True,True
training-event-025,region-5,2884,6.219557537751189,0.4564645363773802,2.0,0.661917696755897,20,True,True
training-event-025,region-5,2884,6.219557537751189,0.4564645363773802,8.0,0.661917696755897,52,True,True
training-event-025,region-5,2884,6.219557537751189,0.4564645363773802,24.0,0.661917696755897,104,True,True
training-event-026,region-0,1022,5.415593625571812,0.14648725246914465,0.5,0.9142650750665025,4,True,True
training-event-026,region-0,1022,5.415593625571812,0.14648725246914465,2.0,0.9142650750665025,13,True,True
training-event-026,region-0,1022,5.415593625571812,0.14648725246914465,8.0,0.9142650750665025,24,True,True
training-event-026,region-0,1022,5.415593625571812,0.14648725246914465,24.0,0.9142650750665025,46,True,True
training-event-026,region-1,2851,6.012083054041031,0.46262384731182593,0.5,0.7600011436643217,17,True,True
training-event-026,region-1,2851,6.012083054041031,0.46262384731182593,2.0,0.7600011436643217,38,True,True
training-event-026,region-1,2851,6.012083054041031,0.46262384731182593,8.0,0.7600011436643217,73,True,True
training-event-026,region-1,2851,6.012083054041031,0.46262384731182593,24.0,0.7600011436643217,131,True,True
training-event-026,region-2,707,4.051594461693202,0.02,0.5,0.7764571300127562,0,True,True
training-event-026,region-2,707,4.051594461693202,0.02,2.0,0.7764571300127562,0,True,True
training-event-026,region-2,707,4.051594461693202,0.02,8.0,0.7764571300127562,3,True,True
training-event-026,region-2,707,4.051594461693202,0.02,24.0,0.7764571300127562,4,True,True
training-event-026,region-3,1791,4.197677497466461,0.07684551764325206,0.5,0.8295794991230208,6,True,True
training-event-026,region-3,1791,4.197677497466461,0.07684551764325206,2.0,0.8295794991230208,9,True,True
training-event-026,region-3,1791,4.197677497466461,0.07684551764325206,8.0,0.8295794991230208,15,True,True
training-event-026,region-3,1791,4.197677497466461,0.07684551764325206,24.0,0.8295794991230208,32,True,True
training-event-026,region-4,2873,4.0,0.058039692348899115,0.5,0.48098876327118145,5,True,True
training-event-026,region-4,2873,4.0,0.058039692348899115,2.0,0.48098876327118145,9,True,True
training-event-026,region-4,2873,4.0,0.058039692348899115,8.0,0.48098876327118145,17,True,True
training-event-026,region-4,2873,4.0,0.058039692348899115,24.0,0.48098876327118145,28,True,True
training-event-026,region-5,3063,4.867024999215491,0.02,0.5,0.8882852535892367,8,True,True
training-event-026,region-5,3063,4.867024999215491,0.02,2.0,0.8882852535892367,14,True,True
training-event-026,region-5,3063,4.867024999215491,0.02,8.0,0.8882852535892367,28,True,True
training-event-026,region-5,3063,4.867024999215491,0.02,24.0,0.8882852535892367,61,True,True
training-event-027,region-0,2829,4.886552194541954,0.1914719571713323,0.5,0.6021267001426029,5,True,True
training-event-027,region-0,2829,4.886552194541954,0.1914719571713323,2.0,0.6021267001426029,15,True,True
training-event-027,region-0,2829,4.886552194541954,0.1914719571713323,8.0,0.6021267001426029,29,True,True
training-event-027,region-0,2829,4.886552194541954,0.1914719571713323,24.0,0.6021267001426029,49,True,True
training-event-027,region-1,2474,4.87938410612368,0.13960793310619363,0.5,0.711514599747672,7,True,True
training-event-027,region-1,2474,4.87938410612368,0.13960793310619363,2.0,0.711514599747672,13,True,True
training-event-027,region-1,2474,4.87938410612368,0.13960793310619363,8.0,0.711514599747672,23,True,True
training-event-027,region-1,2474,4.87938410612368,0.13960793310619363,24.0,0.711514599747672,43,True,True
training-event-027,region-2,2437,4.853850530431259,0.3117409822091587,0.5,0.528464176272786,9,True,True
training-event-027,region-2,2437,4.853850530431259,0.3117409822091587,2.0,0.528464176272786,17,True,True
training-event-027,region-2,2437,4.853850530431259,0.3117409822091587,8.0,0.528464176272786,35,True,True
training-event-027,region-2,2437,4.853850530431259,0.3117409822091587,24.0,0.528464176272786,63,True,True
training-event-027,region-3,1270,4.5282934945365,0.2770659884061055,0.5,0.8033446576631762,3,True,True
training-event-027,region-3,1270,4.5282934945365,0.2770659884061055,2.0,0.8033446576631762,3,True,True
training-event-027,region-3,1270,4.5282934945365,0.2770659884061055,8.0,0.8033446576631762,5,True,True
training-event-027,region-3,1270,4.5282934945365,0.2770659884061055,24.0,0.8033446576631762,11,True,True
training-event-027,region-4,1933,4.5699382724265885,0.18095209321892838,0.5,0.692093533181863,2,True,True
training-event-027,region-4,1933,4.5699382724265885,0.18095209321892838,2.0,0.692093533181863,5,True,True
training-event-027,region-4,1933,4.5699382724265885,0.18095209321892838,8.0,0.692093533181863,14,True,True
training-event-027,region-4,1933,4.5699382724265885,0.18095209321892838,24.0,0.692093533181863,29,True,True
training-event-027,region-5,2224,5.025112512200768,0.09003537751373868,0.5,0.8360010203417122,18,True,True
training-event-027,region-5,2224,5.025112512200768,0.09003537751373868,2.0,0.8360010203417122,22,True,True
training-event-027,region-5,2224,5.025112512200768,0.09003537751373868,8.0,0.8360010203417122,42,True,True
training-event-027,region-5,2224,5.025112512200768,0.09003537751373868,24.0,0.8360010203417122,61,True,True
training-event-028,region-0,3395,4.0,0.13690436904094164,0.5,0.8606961111389979,6,True,True
training-event-028,region-0,3395,4.0,0.13690436904094164,2.0,0.8606961111389979,17,True,True
training-event-028,region-0,3395,4.0,0.13690436904094164,8.0,0.8606961111389979,33,True,True
training-event-028,region-0,3395,4.0,0.13690436904094164,24.0,0.8606961111389979,54,True,True
training-event-028,region-1,2282,4.454933813933188,0.08179494145627741,0.5,0.8286298245826533,6,True,True
training-event-028,region-1,2282,4.454933813933188,0.08179494145627741,2.0,0.8286298245826533,11,True,True
training-event-028,region-1,2282,4.454933813933188,0.08179494145627741,8.0,0.8286298245826533,24,True,True
training-event-028,region-1,2282,4.454933813933188,0.08179494145627741,24.0,0.8286298245826533,39,True,True
training-event-028,region-2,2095,4.669888048304303,0.02,0.5,0.7777472437440959,5,True,True
training-event-028,region-2,2095,4.669888048304303,0.02,2.0,0.7777472437440959,11,True,True
training-event-028,region-2,2095,4.669888048304303,0.02,8.0,0.7777472437440959,17,True,True
training-event-028,region-2,2095,4.669888048304303,0.02,24.0,0.7777472437440959,36,True,True
training-event-028,region-3,2991,4.181995207542363,0.21934545496523478,0.5,0.6367566514434957,2,True,True
training-event-028,region-3,2991,4.181995207542363,0.21934545496523478,2.0,0.6367566514434957,4,True,True
training-event-028,region-3,2991,4.181995207542363,0.21934545496523478,8.0,0.6367566514434957,6,True,True
training-event-028,region-3,2991,4.181995207542363,0.21934545496523478,24.0,0.6367566514434957,16,True,True
training-event-028,region-4,1366,5.2427220143155235,0.1502432963020007,0.5,0.9579059491145769,7,True,True
training-event-028,region-4,1366,5.2427220143155235,0.1502432963020007,2.0,0.9579059491145769,11,True,True
training-event-028,region-4,1366,5.2427220143155235,0.1502432963020007,8.0,0.9579059491145769,18,True,True
training-event-028,region-4,1366,5.2427220143155235,0.1502432963020007,24.0,0.9579059491145769,39,True,True
training-event-028,region-5,2583,4.0157196811573135,0.05812062286484724,0.5,0.4167111727945617,3,True,True
training-event-028,region-5,2583,4.0157196811573135,0.05812062286484724,2.0,0.4167111727945617,12,True,True
training-event-028,region-5,2583,4.0157196811573135,0.05812062286484724,8.0,0.4167111727945617,24,True,True
training-event-028,region-5,2583,4.0157196811573135,0.05812062286484724,24.0,0.4167111727945617,39,True,True
training-event-029,region-0,1817,7.38347358083454,0.7772936836376199,0.5,0.5433353842842148,16,True,True
training-event-029,region-0,1817,7.38347358083454,0.7772936836376199,2.0,0.5433353842842148,28,True,True
training-event-029,region-0,1817,7.38347358083454,0.7772936836376199,8.0,0.5433353842842148,65,True,True
training-event-029,region-0,1817,7.38347358083454,0.7772936836376199,24.0,0.5433353842842148,128,True,True
training-event-029,region-1,3146,7.790286230917764,0.48138541368473176,0.5,0.5843735603225622,12,True,True
training-event-029,region-1,3146,7.790286230917764,0.48138541368473176,2.0,0.5843735603225622,28,True,True
training-event-029,region-1,3146,7.790286230917764,0.48138541368473176,8.0,0.5843735603225622,65,True,True
training-event-029,region-1,3146,7.790286230917764,0.48138541368473176,24.0,0.5843735603225622,145,True,True
training-event-029,region-2,2468,7.606850302232607,0.5420131485207684,0.5,0.6142432642846684,15,True,True
training-event-029,region-2,2468,7.606850302232607,0.5420131485207684,2.0,0.6142432642846684,26,True,True
training-event-029,region-2,2468,7.606850302232607,0.5420131485207684,8.0,0.6142432642846684,53,True,True
training-event-029,region-2,2468,7.606850302232607,0.5420131485207684,24.0,0.6142432642846684,102,True,True
training-event-029,region-3,675,6.461343468285235,0.3715080884349842,0.5,0.4292090859063686,1,True,True
training-event-029,region-3,675,6.461343468285235,0.3715080884349842,2.0,0.4292090859063686,1,True,True
training-event-029,region-3,675,6.461343468285235,0.3715080884349842,8.0,0.4292090859063686,3,True,True
training-event-029,region-3,675,6.461343468285235,0.3715080884349842,24.0,0.4292090859063686,10,True,True
training-event-029,region-4,1307,6.755142424497784,0.5188521821140264,0.5,0.9740633670500058,14,True,True
training-event-029,region-4,1307,6.755142424497784,0.5188521821140264,2.0,0.9740633670500058,24,True,True
training-event-029,region-4,1307,6.755142424497784,0.5188521821140264,8.0,0.9740633670500058,54,True,True
training-event-029,region-4,1307,6.755142424497784,0.5188521821140264,24.0,0.9740633670500058,99,True,True
training-event-029,region-5,1609,7.133925672636681,0.4676707666995994,0.5,0.8340080166565469,20,True,True
training-event-029,region-5,1609,7.133925672636681,0.4676707666995994,2.0,0.8340080166565469,41,True,True
training-event-029,region-5,1609,7.133925672636681,0.4676707666995994,8.0,0.8340080166565469,74,True,True
training-event-029,region-5,1609,7.133925672636681,0.4676707666995994,24.0,0.8340080166565469,128,True,True
training-event-030,region-0,1886,5.820619159301684,0.3867496965526492,0.5,0.9412760569542507,10,True,True
training-event-030,region-0,1886,5.820619159301684,0.3867496965526492,2.0,0.9412760569542507,34,True,True
training-event-030,region-0,1886,5.820619159301684,0.3867496965526492,8.0,0.9412760569542507,64,True,True
training-event-030,region-0,1886,5.820619159301684,0.3867496965526492,24.0,0.9412760569542507,119,True,True
training-event-030,region-1,913,5.3792961319300625,0.34305972856212236,0.5,0.5495407690177043,0,True,True
training-event-030,region-1,913,5.3792961319300625,0.34305972856212236,2.0,0.5495407690177043,1,True,True
training-event-030,region-1,913,5.3792961319300625,0.34305972856212236,8.0,0.5495407690177043,5,True,True
training-event-030,region-1,913,5.3792961319300625,0.34305972856212236,24.0,0.5495407690177043,7,True,True
training-event-030,region-2,3036,6.134469504464379,0.3199095130927207,0.5,0.7950154111542529,12,True,True
training-event-030,region-2,3036,6.134469504464379,0.3199095130927207,2.0,0.7950154111542529,28,True,True
training-event-030,region-2,3036,6.134469504464379,0.3199095130927207,8.0,0.7950154111542529,64,True,True
training-event-030,region-2,3036,6.134469504464379,0.3199095130927207,24.0,0.7950154111542529,107,True,True
training-event-030,region-3,2170,5.098362090875175,0.4334753636622577,0.5,0.5679357357778034,3,True,True
training-event-030,region-3,2170,5.098362090875175,0.4334753636622577,2.0,0.5679357357778034,8,True,True
training-event-030,region-3,2170,5.098362090875175,0.4334753636622577,8.0,0.5679357357778034,25,True,True
training-event-030,region-3,2170,5.098362090875175,0.4334753636622577,24.0,0.5679357357778034,51,True,True
training-event-030,region-4,2697,5.65198579619521,0.2514599739002589,0.5,0.4418872395652391,8,True,True
training-event-030,region-4,2697,5.65198579619521,0.2514599739002589,2.0,0.4418872395652391,15,True,True
training-event-030,region-4,2697,5.65198579619521,0.2514599739002589,8.0,0.4418872395652391,31,True,True
training-event-030,region-4,2697,5.65198579619521,0.2514599739002589,24.0,0.4418872395652391,51,True,True
training-event-030,region-5,341,4.689310194862288,0.15132475498617382,0.5,0.9140206235812378,1,True,True
training-event-030,region-5,341,4.689310194862288,0.15132475498617382,2.0,0.9140206235812378,1,True,True
training-event-030,region-5,341,4.689310194862288,0.15132475498617382,8.0,0.9140206235812378,5,True,True
training-event-030,region-5,341,4.689310194862288,0.15132475498617382,24.0,0.9140206235812378,10,True,True
training-event-031,region-0,2928,6.86442119346978,0.34945647388725043,0.5,0.7544516615095472,38,True,True
training-event-031,region-0,2928,6.86442119346978,0.34945647388725043,2.0,0.7544516615095472,72,True,True
training-event-031,region-0,2928,6.86442119346978,0.34945647388725043,8.0,0.7544516615095472,133,True,True
training-event-031,region-0,2928,6.86442119346978,0.34945647388725043,24.0,0.7544516615095472,238,True,True
training-event-031,region-1,2889,7.204510239295408,0.7198464443469098,0.5,0.6437893107639208,15,True,True
training-event-031,region-1,2889,7.204510239295408,0.7198464443469098,2.0,0.6437893107639208,39,True,True
training-event-031,region-1,2889,7.204510239295408,0.7198464443469098,8.0,0.6437893107639208,91,True,True
training-event-031,region-1,2889,7.204510239295408,0.7198464443469098,24.0,0.6437893107639208,183,True,True
training-event-031,region-2,2555,6.7290121895686115,0.5146234842252483,0.5,0.555175714777081,20,True,True
training-event-031,region-2,2555,6.7290121895686115,0.5146234842252483,2.0,0.555175714777081,47,True,True
training-event-031,region-2,2555,6.7290121895686115,0.5146234842252483,8.0,0.555175714777081,103,True,True
training-event-031,region-2,2555,6.7290121895686115,0.5146234842252483,24.0,0.555175714777081,163,True,True
training-event-031,region-3,3299,7.272088942848371,0.43356186779350725,0.5,0.8526810782641427,45,True,True
training-event-031,region-3,3299,7.272088942848371,0.43356186779350725,2.0,0.8526810782641427,76,True,True
training-event-031,region-3,3299,7.272088942848371,0.43356186779350725,8.0,0.8526810782641427,132,True,True
training-event-031,region-3,3299,7.272088942848371,0.43356186779350725,24.0,0.8526810782641427,229,True,True
training-event-031,region-4,2316,8.434064906959948,0.8756524770737204,0.5,0.8462066563424939,62,True,True
training-event-031,region-4,2316,8.434064906959948,0.8756524770737204,2.0,0.8462066563424939,134,True,True
training-event-031,region-4,2316,8.434064906959948,0.8756524770737204,8.0,0.8462066563424939,277,True,True
training-event-031,region-4,2316,8.434064906959948,0.8756524770737204,24.0,0.8462066563424939,481,True,True
training-event-031,region-5,790,7.208910127773635,0.6159878461450752,0.5,0.5653287472652664,5,True,True
training-event-031,region-5,790,7.208910127773635,0.6159878461450752,2.0,0.5653287472652664,6,True,True
training-event-031,region-5,790,7.208910127773635,0.6159878461450752,8.0,0.5653287472652664,13,True,True
training-event-031,region-5,790,7.208910127773635,0.6159878461450752,24.0,0.5653287472652664,40,True,True
training-event-032,region-0,3316,4.485718999244604,0.3153240898167239,0.5,0.621340709980458,6,True,True
training-event-032,region-0,3316,4.485718999244604,0.3153240898167239,2.0,0.621340709980458,12,True,True
training-event-032,region-0,3316,4.485718999244604,0.3153240898167239,8.0,0.621340709980458,30,True,True
training-event-032,region-0,3316,4.485718999244604,0.3153240898167239,24.0,0.621340709980458,53,True,True
training-event-032,region-1,1369,4.854207496716012,0.41396018550646435,0.5,0.7650491843978294,3,True,True
training-event-032,region-1,1369,4.854207496716012,0.41396018550646435,2.0,0.7650491843978294,6,True,True
training-event-032,region-1,1369,4.854207496716012,0.41396018550646435,8.0,0.7650491843978294,19,True,True
training-event-032,region-1,1369,4.854207496716012,0.41396018550646435,24.0,0.7650491843978294,26,True,True
training-event-032,region-2,131,4.187776576376389,0.02,0.5,0.6870729670631689,0,True,True
training-event-032,region-2,131,4.187776576376389,0.02,2.0,0.6870729670631689,0,True,True
training-event-032,region-2,131,4.187776576376389,0.02,8.0,0.6870729670631689,0,True,True
training-event-032,region-2,131,4.187776576376389,0.02,24.0,0.6870729670631689,0,True,True
training-event-032,region-3,2664,4.810464713396415,0.1329833077434931,0.5,0.7242688970991451,4,True,True
training-event-032,region-3,2664,4.810464713396415,0.1329833077434931,2.0,0.7242688970991451,11,True,True
training-event-032,region-3,2664,4.810464713396415,0.1329833077434931,8.0,0.7242688970991451,22,True,True
training-event-032,region-3,2664,4.810464713396415,0.1329833077434931,24.0,0.7242688970991451,30,True,True
training-event-032,region-4,3361,4.249501230981579,0.12700614263810794,0.5,0.829028010578289,8,True,True
training-event-032,region-4,3361,4.249501230981579,0.12700614263810794,2.0,0.829028010578289,20,True,True
training-event-032,region-4,3361,4.249501230981579,0.12700614263810794,8.0,0.829028010578289,41,True,True
training-event-032,region-4,3361,4.249501230981579,0.12700614263810794,24.0,0.829028010578289,67,True,True
training-event-032,region-5,2078,4.916272213563638,0.24344384411049513,0.5,0.667196371033363,1,True,True
training-event-032,region-5,2078,4.916272213563638,0.24344384411049513,2.0,0.667196371033363,2,True,True
training-event-032,region-5,2078,4.916272213563638,0.24344384411049513,8.0,0.667196371033363,5,True,True
training-event-032,region-5,2078,4.916272213563638,0.24344384411049513,24.0,0.667196371033363,10,True,True
training-event-033,region-0,297,5.141123631656226,0.13193867739988524,0.5,0.6537835634945421,0,True,True
training-event-033,region-0,297,5.141123631656226,0.13193867739988524,2.0,0.6537835634945421,1,True,True
training-event-033,region-0,297,5.141123631656226,0.13193867739988524,8.0,0.6537835634945421,3,True,True
training-event-033,region-0,297,5.141123631656226,0.13193867739988524,24.0,0.6537835634945421,5,True,True
training-event-033,region-1,3183,6.307854489158839,0.4933877965561153,0.5,0.8612168174952117,18,True,True
training-event-033,region-1,3183,6.307854489158839,0.4933877965561153,2.0,0.8612168174952117,34,True,True
training-event-033,region-1,3183,6.307854489158839,0.4933877965561153,8.0,0.8612168174952117,67,True,True
training-event-033,region-1,3183,6.307854489158839,0.4933877965561153,24.0,0.8612168174952117,116,True,True
training-event-033,region-2,2566,5.558620749812801,0.2545921869455746,0.5,0.47974245934497967,5,True,True
training-event-033,region-2,2566,5.558620749812801,0.2545921869455746,2.0,0.47974245934497967,11,True,True
training-event-033,region-2,2566,5.558620749812801,0.2545921869455746,8.0,0.47974245934497967,22,True,True
training-event-033,region-2,2566,5.558620749812801,0.2545921869455746,24.0,0.47974245934497967,37,True,True
training-event-033,region-3,2450,5.821003653800983,0.12138207237505355,0.5,0.8165838622482415,9,True,True
training-event-033,region-3,2450,5.821003653800983,0.12138207237505355,2.0,0.8165838622482415,20,True,True
training-event-033,region-3,2450,5.821003653800983,0.12138207237505355,8.0,0.8165838622482415,43,True,True
training-event-033,region-3,2450,5.821003653800983,0.12138207237505355,24.0,0.8165838622482415,70,True,True
training-event-033,region-4,3090,6.258286926750898,0.5082861150022506,0.5,0.7260897389813847,13,True,True
training-event-033,region-4,3090,6.258286926750898,0.5082861150022506,2.0,0.7260897389813847,27,True,True
training-event-033,region-4,3090,6.258286926750898,0.5082861150022506,8.0,0.7260897389813847,43,True,True
training-event-033,region-4,3090,6.258286926750898,0.5082861150022506,24.0,0.7260897389813847,73,True,True
training-event-033,region-5,2950,7.273303585082906,0.6110169879838967,0.5,0.9169772433107287,31,True,True
training-event-033,region-5,2950,7.273303585082906,0.6110169879838967,2.0,0.9169772433107287,63,True,True
training-event-033,region-5,2950,7.273303585082906,0.6110169879838967,8.0,0.9169772433107287,141,True,True
training-event-033,region-5,2950,7.273303585082906,0.6110169879838967,24.0,0.9169772433107287,256,True,True
training-event-034,region-0,2612,4.659195988992362,0.08839220494256529,0.5,0.8171655350751087,6,True,True
training-event-034,region-0,2612,4.659195988992362,0.08839220494256529,2.0,0.8171655350751087,11,True,True
training-event-034,region-0,2612,4.659195988992362,0.08839220494256529,8.0,0.8171655350751087,21,True,True
training-event-034,region-0,2612,4.659195988992362,0.08839220494256529,24.0,0.8171655350751087,32,True,True
training-event-034,region-1,323,4.754065534457875,0.2513133885592271,0.5,0.5218592447643818,0,True,True
training-event-034,region-1,323,4.754065534457875,0.2513133885592271,2.0,0.5218592447643818,0,True,True
training-event-034,region-1,323,4.754065534457875,0.2513133885592271,8.0,0.5218592447643818,3,True,True
training-event-034,region-1,323,4.754065534457875,0.2513133885592271,24.0,0.5218592447643818,4,True,True
training-event-034,region-2,2798,5.662693009097937,0.42279340030229123,0.5,0.4504387488124596,11,True,True
training-event-034,region-2,2798,5.662693009097937,0.42279340030229123,2.0,0.4504387488124596,17,True,True
training-event-034,region-2,2798,5.662693009097937,0.42279340030229123,8.0,0.4504387488124596,28,True,True
training-event-034,region-2,2798,5.662693009097937,0.42279340030229123,24.0,0.4504387488124596,52,True,True
training-event-034,region-3,2094,4.602606669152431,0.2062615324139847,0.5,0.4002662595231629,3,True,True
training-event-034,region-3,2094,4.602606669152431,0.2062615324139847,2.0,0.4002662595231629,8,True,True
training-event-034,region-3,2094,4.602606669152431,0.2062615324139847,8.0,0.4002662595231629,13,True,True
training-event-034,region-3,2094,4.602606669152431,0.2062615324139847,24.0,0.4002662595231629,20,True,True
training-event-034,region-4,2441,4.434206422254105,0.1903767093748036,0.5,0.9181546616841181,14,True,True
training-event-034,region-4,2441,4.434206422254105,0.1903767093748036,2.0,0.9181546616841181,22,True,True
training-event-034,region-4,2441,4.434206422254105,0.1903767093748036,8.0,0.9181546616841181,38,True,True
training-event-034,region-4,2441,4.434206422254105,0.1903767093748036,24.0,0.9181546616841181,72,True,True
training-event-034,region-5,3253,4.968187020543447,0.20770809463549395,0.5,0.6166262964150409,10,True,True
training-event-034,region-5,3253,4.968187020543447,0.20770809463549395,2.0,0.6166262964150409,18,True,True
training-event-034,region-5,3253,4.968187020543447,0.20770809463549395,8.0,0.6166262964150409,30,True,True
training-event-034,region-5,3253,4.968187020543447,0.20770809463549395,24.0,0.6166262964150409,61,True,True
training-event-035,region-0,3368,6.32558721069446,0.3674813758723728,0.5,0.7416290025860115,10,True,True
training-event-035,region-0,3368,6.32558721069446,0.3674813758723728,2.0,0.7416290025860115,20,True,True
training-event-035,region-0,3368,6.32558721069446,0.3674813758723728,8.0,0.7416290025860115,47,True,True
training-event-035,region-0,3368,6.32558721069446,0.3674813758723728,24.0,0.7416290025860115,94,True,True
training-event-035,region-1,327,6.868280059499623,0.6136049769535196,0.5,0.8358353315421128,6,True,True
training-event-035,region-1,327,6.868280059499623,0.6136049769535196,2.0,0.8358353315421128,8,True,True
training-event-035,region-1,327,6.868280059499623,0.6136049769535196,8.0,0.8358353315421128,14,True,True
training-event-035,region-1,327,6.868280059499623,0.6136049769535196,24.0,0.8358353315421128,19,True,True
training-event-035,region-2,3307,7.632087738550682,0.9186158286627695,0.5,0.6477243382321642,81,True,True
training-event-035,region-2,3307,7.632087738550682,0.9186158286627695,2.0,0.6477243382321642,160,True,True
training-event-035,region-2,3307,7.632087738550682,0.9186158286627695,8.0,0.6477243382321642,365,True,True
training-event-035,region-2,3307,7.632087738550682,0.9186158286627695,24.0,0.6477243382321642,667,True,True
training-event-035,region-3,3264,4.422470139468718,0.02,0.5,0.8033222463161152,7,True,True
training-event-035,region-3,3264,4.422470139468718,0.02,2.0,0.8033222463161152,16,True,True
training-event-035,region-3,3264,4.422470139468718,0.02,8.0,0.8033222463161152,34,True,True
training-event-035,region-3,3264,4.422470139468718,0.02,24.0,0.8033222463161152,56,True,True
training-event-035,region-4,2355,7.33514632999889,0.5377579071485992,0.5,0.41929426467077224,9,True,True
training-event-035,region-4,2355,7.33514632999889,0.5377579071485992,2.0,0.41929426467077224,21,True,True
training-event-035,region-4,2355,7.33514632999889,0.5377579071485992,8.0,0.41929426467077224,47,True,True
training-event-035,region-4,2355,7.33514632999889,0.5377579071485992,24.0,0.41929426467077224,83,True,True
training-event-035,region-5,1872,6.859894700174905,0.514361912503935,0.5,0.5472073928340934,9,True,True
training-event-035,region-5,1872,6.859894700174905,0.514361912503935,2.0,0.5472073928340934,23,True,True
training-event-035,region-5,1872,6.859894700174905,0.514361912503935,8.0,0.5472073928340934,45,True,True
training-event-035,region-5,1872,6.859894700174905,0.514361912503935,24.0,0.5472073928340934,85,True,True
training-event-036,region-0,2356,7.721514274699148,0.5236001848711259,0.5,0.8168486822957182,20,True,True
training-event-036,region-0,2356,7.721514274699148,0.5236001848711259,2.0,0.8168486822957182,48,True,True
training-event-036,region-0,2356,7.721514274699148,0.5236001848711259,8.0,0.8168486822957182,107,True,True
training-event-036,region-0,2356,7.721514274699148,0.5236001848711259,24.0,0.8168486822957182,203,True,True
training-event-036,region-1,1755,6.782880921058672,0.6650897265991749,0.5,0.9592936236141344,17,True,True
training-event-036,region-1,1755,6.782880921058672,0.6650897265991749,2.0,0.9592936236141344,36,True,True
training-event-036,region-1,1755,6.782880921058672,0.6650897265991749,8.0,0.9592936236141344,68,True,True
training-event-036,region-1,1755,6.782880921058672,0.6650897265991749,24.0,0.9592936236141344,125,True,True
training-event-036,region-2,2611,6.0948721729661415,0.3764556477868056,0.5,0.42659018269612325,11,True,True
training-event-036,region-2,2611,6.0948721729661415,0.3764556477868056,2.0,0.42659018269612325,13,True,True
training-event-036,region-2,2611,6.0948721729661415,0.3764556477868056,8.0,0.42659018269612325,25,True,True
training-event-036,region-2,2611,6.0948721729661415,0.3764556477868056,24.0,0.42659018269612325,50,True,True
training-event-036,region-3,1739,8.175572646287604,0.6486744584066264,0.5,0.6352526898738919,31,True,True
training-event-036,region-3,1739,8.175572646287604,0.6486744584066264,2.0,0.6352526898738919,53,True,True
training-event-036,region-3,1739,8.175572646287604,0.6486744584066264,8.0,0.6352526898738919,104,True,True
training-event-036,region-3,1739,8.175572646287604,0.6486744584066264,24.0,0.6352526898738919,188,True,True
training-event-036,region-4,1325,7.667823494800789,0.8271442414827819,0.5,0.46874548549311285,5,True,True
training-event-036,region-4,1325,7.667823494800789,0.8271442414827819,2.0,0.46874548549311285,13,True,True
training-event-036,region-4,1325,7.667823494800789,0.8271442414827819,8.0,0.46874548549311285,29,True,True
training-event-036,region-4,1325,7.667823494800789,0.8271442414827819,24.0,0.46874548549311285,48,True,True
training-event-036,region-5,2621,7.339227939582065,0.8584909270096464,0.5,0.450387525872969,14,True,True
training-event-036,region-5,2621,7.339227939582065,0.8584909270096464,2.0,0.450387525872969,28,True,True
training-event-036,region-5,2621,7.339227939582065,0.8584909270096464,8.0,0.450387525872969,58,True,True
training-event-036,region-5,2621,7.339227939582065,0.8584909270096464,24.0,0.450387525872969,101,True,True
training-event-037,region-0,3078,6.091588923446834,0.38256928988367256,0.5,0.437246016099173,1,True,True
training-event-037,region-0,3078,6.091588923446834,0.38256928988367256,2.0,0.437246016099173,10,True,True
training-event-037,region-0,3078,6.091588923446834,0.38256928988367256,8.0,0.437246016099173,24,True,True
training-event-037,region-0,3078,6.091588923446834,0.38256928988367256,24.0,0.437246016099173,42,True,True
training-event-037,region-1,1590,6.452114531823768,0.7335073579820688,0.5,0.5455564992074053,6,True,True
training-event-037,region-1,1590,6.452114531823768,0.7335073579820688,2.0,0.5455564992074053,12,True,True
training-event-037,region-1,1590,6.452114531823768,0.7335073579820688,8.0,0.5455564992074053,26,True,True
training-event-037,region-1,1590,6.452114531823768,0.7335073579820688,24.0,0.5455564992074053,59,True,True
training-event-037,region-2,2775,7.707237992691289,0.6907989140955899,0.5,0.5845732054710494,52,True,True
training-event-037,region-2,2775,7.707237992691289,0.6907989140955899,2.0,0.5845732054710494,99,True,True
training-event-037,region-2,2775,7.707237992691289,0.6907989140955899,8.0,0.5845732054710494,188,True,True
training-event-037,region-2,2775,7.707237992691289,0.6907989140955899,24.0,0.5845732054710494,341,True,True
training-event-037,region-3,2062,6.201928578813234,0.5461414868187241,0.5,0.5687970797697905,15,True,True
training-event-037,region-3,2062,6.201928578813234,0.5461414868187241,2.0,0.5687970797697905,30,True,True
training-event-037,region-3,2062,6.201928578813234,0.5461414868187241,8.0,0.5687970797697905,59,True,True
training-event-037,region-3,2062,6.201928578813234,0.5461414868187241,24.0,0.5687970797697905,106,True,True
training-event-037,region-4,756,6.31616174491057,0.4429779541447327,0.5,0.9089279331048628,5,True,True
training-event-037,region-4,756,6.31616174491057,0.4429779541447327,2.0,0.9089279331048628,14,True,True
training-event-037,region-4,756,6.31616174491057,0.4429779541447327,8.0,0.9089279331048628,25,True,True
training-event-037,region-4,756,6.31616174491057,0.4429779541447327,24.0,0.9089279331048628,38,True,True
training-event-037,region-5,409,6.610763459586498,0.6217376031384684,0.5,0.8669558415300198,7,True,True
training-event-037,region-5,409,6.610763459586498,0.6217376031384684,2.0,0.8669558415300198,10,True,True
training-event-037,region-5,409,6.610763459586498,0.6217376031384684,8.0,0.8669558415300198,15,True,True
training-event-037,region-5,409,6.610763459586498,0.6217376031384684,24.0,0.8669558415300198,32,True,True
training-event-038,region-0,1342,5.142105488669724,0.2236258708029613,0.5,0.7278494447459791,2,True,True
training-event-038,region-0,1342,5.142105488669724,0.2236258708029613,2.0,0.7278494447459791,3,True,True
training-event-038,region-0,1342,5.142105488669724,0.2236258708029613,8.0,0.7278494447459791,14,True,True
training-event-038,region-0,1342,5.142105488669724,0.2236258708029613,24.0,0.7278494447459791,32,True,True
training-event-038,region-1,1836,7.149099991515072,0.22103906794344735,0.5,0.4907651314792928,6,True,True
training-event-038,region-1,1836,7.149099991515072,0.22103906794344735,2.0,0.4907651314792928,12,True,True
training-event-038,region-1,1836,7.149099991515072,0.22103906794344735,8.0,0.4907651314792928,23,True,True
training-event-038,region-1,1836,7.149099991515072,0.22103906794344735,24.0,0.4907651314792928,37,True,True
training-event-038,region-2,2166,5.8660431956613115,0.3504156416822367,0.5,0.8358169189773629,12,True,True
training-event-038,region-2,2166,5.8660431956613115,0.3504156416822367,2.0,0.8358169189773629,27,True,True
training-event-038,region-2,2166,5.8660431956613115,0.3504156416822367,8.0,0.8358169189773629,54,True,True
training-event-038,region-2,2166,5.8660431956613115,0.3504156416822367,24.0,0.8358169189773629,87,True,True
training-event-038,region-3,86,4.556156295903092,0.02,0.5,0.9518424528032791,0,True,True
training-event-038,region-3,86,4.556156295903092,0.02,2.0,0.9518424528032791,1,True,True
training-event-038,region-3,86,4.556156295903092,0.02,8.0,0.9518424528032791,2,True,True
training-event-038,region-3,86,4.556156295903092,0.02,24.0,0.9518424528032791,2,True,True
training-event-038,region-4,1766,5.495935673328009,0.23692723143907624,0.5,0.7751906202397296,7,True,True
training-event-038,region-4,1766,5.495935673328009,0.23692723143907624,2.0,0.7751906202397296,12,True,True
training-event-038,region-4,1766,5.495935673328009,0.23692723143907624,8.0,0.7751906202397296,29,True,True
training-event-038,region-4,1766,5.495935673328009,0.23692723143907624,24.0,0.7751906202397296,48,True,True
training-event-038,region-5,439,7.490064063431853,0.44596217835526253,0.5,0.8111990672232338,3,True,True
training-event-038,region-5,439,7.490064063431853,0.44596217835526253,2.0,0.8111990672232338,9,True,True
training-event-038,region-5,439,7.490064063431853,0.44596217835526253,8.0,0.8111990672232338,30,True,True
training-event-038,region-5,439,7.490064063431853,0.44596217835526253,24.0,0.8111990672232338,52,True,True
training-event-039,region-0,1194,5.272784108656672,0.4178069698559298,0.5,0.9657210225050942,8,True,True
training-event-039,region-0,1194,5.272784108656672,0.4178069698559298,2.0,0.9657210225050942,13,True,True
training-event-039,region-0,1194,5.272784108656672,0.4178069698559298,8.0,0.9657210225050942,30,True,True
training-event-039,region-0,1194,5.272784108656672,0.4178069698559298,24.0,0.9657210225050942,68,True,True
training-event-039,region-1,3321,6.308221123148836,0.665640177228169,0.5,0.9102429895119388,29,True,True
training-event-039,region-1,3321,6.308221123148836,0.665640177228169,2.0,0.9102429895119388,66,True,True
training-event-039,region-1,3321,6.308221123148836,0.665640177228169,8.0,0.9102429895119388,165,True,True
training-event-039,region-1,3321,6.308221123148836,0.665640177228169,24.0,0.9102429895119388,298,True,True
training-event-039,region-2,2442,4.0516496498381205,0.2009278917254304,0.5,0.9427466507813137,10,True,True
training-event-039,region-2,2442,4.0516496498381205,0.2009278917254304,2.0,0.9427466507813137,21,True,True
training-event-039,region-2,2442,4.0516496498381205,0.2009278917254304,8.0,0.9427466507813137,34,True,True
training-event-039,region-2,2442,4.0516496498381205,0.2009278917254304,24.0,0.9427466507813137,57,True,True
training-event-039,region-3,3393,6.295927886875253,0.5319183049361167,0.5,0.773106356137252,18,True,True
training-event-039,region-3,3393,6.295927886875253,0.5319183049361167,2.0,0.773106356137252,36,True,True
training-event-039,region-3,3393,6.295927886875253,0.5319183049361167,8.0,0.773106356137252,86,True,True
training-event-039,region-3,3393,6.295927886875253,0.5319183049361167,24.0,0.773106356137252,151,True,True
training-event-039,region-4,2278,6.481267196568192,0.6979716099772217,0.5,0.5413426773935983,12,True,True
training-event-039,region-4,2278,6.481267196568192,0.6979716099772217,2.0,0.5413426773935983,25,True,True
training-event-039,region-4,2278,6.481267196568192,0.6979716099772217,8.0,0.5413426773935983,54,True,True
training-event-039,region-4,2278,6.481267196568192,0.6979716099772217,24.0,0.5413426773935983,119,True,True
training-event-039,region-5,322,5.275833231058594,0.31409370344929355,0.5,0.42557639780973733,0,True,True
training-event-039,region-5,322,5.275833231058594,0.31409370344929355,2.0,0.42557639780973733,0,True,True
training-event-039,region-5,322,5.275833231058594,0.31409370344929355,8.0,0.42557639780973733,1,True,True
training-event-039,region-5,322,5.275833231058594,0.31409370344929355,24.0,0.42557639780973733,1,True,True
training-event-040,region-0,305,4.018433581843577,0.02,0.5,0.9440010137475233,2,True,True
training-event-040,region-0,305,4.018433581843577,0.02,2.0,0.9440010137475233,2,True,True
training-event-040,region-0,305,4.018433581843577,0.02,8.0,0.9440010137475233,3,True,True
training-event-040,region-0,305,4.018433581843577,0.02,24.0,0.9440010137475233,6,True,True
training-event-040,region-1,492,4.725410024253136,0.02,0.5,0.921529389704845,3,True,True
training-event-040,region-1,492,4.725410024253136,0.02,2.0,0.921529389704845,3,True,True
training-event-040,region-1,492,4.725410024253136,0.02,8.0,0.921529389704845,3,True,True
training-event-040,region-1,492,4.725410024253136,0.02,24.0,0.921529389704845,5,True,True
training-event-040,region-2,1794,6.165843372978222,0.29858248069569926,0.5,0.4821319115184368,9,True,True
training-event-040,region-2,1794,6.165843372978222,0.29858248069569926,2.0,0.4821319115184368,15,True,True
training-event-040,region-2,1794,6.165843372978222,0.29858248069569926,8.0,0.4821319115184368,28,True,True
training-event-040,region-2,1794,6.165843372978222,0.29858248069569926,24.0,0.4821319115184368,56,True,True
training-event-040,region-3,1228,5.076671385985186,0.32388911423060884,0.5,0.5719141872545452,2,True,True
training-event-040,region-3,1228,5.076671385985186,0.32388911423060884,2.0,0.5719141872545452,8,True,True
training-event-040,region-3,1228,5.076671385985186,0.32388911423060884,8.0,0.5719141872545452,17,True,True
training-event-040,region-3,1228,5.076671385985186,0.32388911423060884,24.0,0.5719141872545452,23,True,True
training-event-040,region-4,1905,5.335248266893898,0.24566180538999163,0.5,0.7461608938906177,3,True,True
training-event-040,region-4,1905,5.335248266893898,0.24566180538999163,2.0,0.7461608938906177,7,True,True
training-event-040,region-4,1905,5.335248266893898,0.24566180538999163,8.0,0.7461608938906177,20,True,True
training-event-040,region-4,1905,5.335248266893898,0.24566180538999163,24.0,0.7461608938906177,44,True,True
training-event-040,region-5,3341,5.308803566858902,0.19185173792039678,0.5,0.7082116132771439,4,True,True
training-event-040,region-5,3341,5.308803566858902,0.19185173792039678,2.0,0.7082116132771439,14,True,True
training-event-040,region-5,3341,5.308803566858902,0.19185173792039678,8.0,0.7082116132771439,24,True,True
training-event-040,region-5,3341,5.308803566858902,0.19185173792039678,24.0,0.7082116132771439,53,True,True
training-event-041,region-0,626,6.187853390538043,0.631751470622434,0.5,0.8320795397206346,5,True,True
training-event-041,region-0,626,6.187853390538043,0.631751470622434,2.0,0.8320795397206346,10,True,True
training-event-041,region-0,626,6.187853390538043,0.631751470622434,8.0,0.8320795397206346,12,True,True
training-event-041,region-0,626,6.187853390538043,0.631751470622434,24.0,0.8320795397206346,29,True,True
training-event-041,region-1,1062,7.395688254374665,0.5722746501660043,0.5,0.8990322457021761,13,True,True
training-event-041,region-1,1062,7.395688254374665,0.5722746501660043,2.0,0.8990322457021761,24,True,True
training-event-041,region-1,1062,7.395688254374665,0.5722746501660043,8.0,0.8990322457021761,52,True,True
training-event-041,region-1,1062,7.395688254374665,0.5722746501660043,24.0,0.8990322457021761,83,True,True
training-event-041,region-2,2501,7.1104912997385155,0.6007642921729976,0.5,0.778759183764147,11,True,True
training-event-041,region-2,2501,7.1104912997385155,0.6007642921729976,2.0,0.778759183764147,27,True,True
training-event-041,region-2,2501,7.1104912997385155,0.6007642921729976,8.0,0.778759183764147,62,True,True
training-event-041,region-2,2501,7.1104912997385155,0.6007642921729976,24.0,0.778759183764147,113,True,True
training-event-041,region-3,1905,6.450896350466448,0.5872464068304896,0.5,0.9219307198175343,17,True,True
training-event-041,region-3,1905,6.450896350466448,0.5872464068304896,2.0,0.9219307198175343,34,True,True
training-event-041,region-3,1905,6.450896350466448,0.5872464068304896,8.0,0.9219307198175343,76,True,True
training-event-041,region-3,1905,6.450896350466448,0.5872464068304896,24.0,0.9219307198175343,124,True,True
training-event-041,region-4,150,5.6367214922560445,0.2837139786224805,0.5,0.6578238676104207,0,True,True
training-event-041,region-4,150,5.6367214922560445,0.2837139786224805,2.0,0.6578238676104207,2,True,True
training-event-041,region-4,150,5.6367214922560445,0.2837139786224805,8.0,0.6578238676104207,4,True,True
training-event-041,region-4,150,5.6367214922560445,0.2837139786224805,24.0,0.6578238676104207,8,True,True
training-event-041,region-5,1067,7.102006028418335,0.851447391603923,0.5,0.597592882716158,2,True,True
training-event-041,region-5,1067,7.102006028418335,0.851447391603923,2.0,0.597592882716158,11,True,True
training-event-041,region-5,1067,7.102006028418335,0.851447391603923,8.0,0.597592882716158,18,True,True
training-event-041,region-5,1067,7.102006028418335,0.851447391603923,24.0,0.597592882716158,29,True,True
training-event-042,region-0,506,6.420930378958797,0.36004409274272864,0.5,0.6263612613232805,3,True,True
training-event-042,region-0,506,6.420930378958797,0.36004409274272864,2.0,0.6263612613232805,4,True,True
training-event-042,region-0,506,6.420930378958797,0.36004409274272864,8.0,0.6263612613232805,8,True,True
training-event-042,region-0,506,6.420930378958797,0.36004409274272864,24.0,0.6263612613232805,13,True,True
training-event-042,region-1,2782,5.574379841468907,0.4498617233965389,0.5,0.76109222407449,12,True,True
training-event-042,region-1,2782,5.574379841468907,0.4498617233965389,2.0,0.76109222407449,25,True,True
training-event-042,region-1,2782,5.574379841468907,0.4498617233965389,8.0,0.76109222407449,53,True,True
training-event-042,region-1,2782,5.574379841468907,0.4498617233965389,24.0,0.76109222407449,98,True,True
training-event-042,region-2,2030,6.415850042747532,0.30692526633764594,0.5,0.6336619470295913,8,True,True
training-event-042,region-2,2030,6.415850042747532,0.30692526633764594,2.0,0.6336619470295913,18,True,True
training-event-042,region-2,2030,6.415850042747532,0.30692526633764594,8.0,0.6336619470295913,34,True,True
training-event-042,region-2,2030,6.415850042747532,0.30692526633764594,24.0,0.6336619470295913,59,True,True
training-event-042,region-3,2055,5.802079672858588,0.36191902527095754,0.5,0.9100626490425475,12,True,True
training-event-042,region-3,2055,5.802079672858588,0.36191902527095754,2.0,0.9100626490425475,22,True,True
training-event-042,region-3,2055,5.802079672858588,0.36191902527095754,8.0,0.9100626490425475,44,True,True
training-event-042,region-3,2055,5.802079672858588,0.36191902527095754,24.0,0.9100626490425475,76,True,True
training-event-042,region-4,1391,6.530052925423342,0.7143700752072772,0.5,0.7509082974063945,12,True,True
training-event-042,region-4,1391,6.530052925423342,0.7143700752072772,2.0,0.7509082974063945,27,True,True
training-event-042,region-4,1391,6.530052925423342,0.7143700752072772,8.0,0.7509082974063945,51,True,True
training-event-042,region-4,1391,6.530052925423342,0.7143700752072772,24.0,0.7509082974063945,90,True,True
training-event-042,region-5,2647,5.68735027333539,0.3230318318628857,0.5,0.7033008691004659,5,True,True
training-event-042,region-5,2647,5.68735027333539,0.3230318318628857,2.0,0.7033008691004659,11,True,True
training-event-042,region-5,2647,5.68735027333539,0.3230318318628857,8.0,0.7033008691004659,26,True,True
training-event-042,region-5,2647,5.68735027333539,0.3230318318628857,24.0,0.7033008691004659,58,True,True
training-event-043,region-0,3083,7.262242605151689,0.5614448153598975,0.5,0.6589224966833691,19,True,True
training-event-043,region-0,3083,7.262242605151689,0.5614448153598975,2.0,0.6589224966833691,38,True,True
training-event-043,region-0,3083,7.262242605151689,0.5614448153598975,8.0,0.6589224966833691,89,True,True
training-event-043,region-0,3083,7.262242605151689,0.5614448153598975,24.0,0.6589224966833691,149,True,True
training-event-043,region-1,3088,8.805377341470017,0.98,0.5,0.9241126868587007,76,True,True
training-event-043,region-1,3088,8.805377341470017,0.98,2.0,0.9241126868587007,178,True,True
training-event-043,region-1,3088,8.805377341470017,0.98,8.0,0.9241126868587007,389,True,True
training-event-043,region-1,3088,8.805377341470017,0.98,24.0,0.9241126868587007,716,True,True
training-event-043,region-2,3214,8.118038748409058,0.876020701876952,0.5,0.9284389866205599,83,True,True
training-event-043,region-2,3214,8.118038748409058,0.876020701876952,2.0,0.9284389866205599,160,True,True
training-event-043,region-2,3214,8.118038748409058,0.876020701876952,8.0,0.9284389866205599,360,True,True
training-event-043,region-2,3214,8.118038748409058,0.876020701876952,24.0,0.9284389866205599,669,True,True
training-event-043,region-3,2768,7.3705353574098424,0.7175326126847668,0.5,0.6889495333218572,23,True,True
training-event-043,region-3,2768,7.3705353574098424,0.7175326126847668,2.0,0.6889495333218572,48,True,True
training-event-043,region-3,2768,7.3705353574098424,0.7175326126847668,8.0,0.6889495333218572,119,True,True
training-event-043,region-3,2768,7.3705353574098424,0.7175326126847668,24.0,0.6889495333218572,210,True,True
training-event-043,region-4,1051,7.850619372056823,0.98,0.5,0.6915508667868677,16,True,True
training-event-043,region-4,1051,7.850619372056823,0.98,2.0,0.6915508667868677,37,True,True
training-event-043,region-4,1051,7.850619372056823,0.98,8.0,0.6915508667868677,71,True,True
training-event-043,region-4,1051,7.850619372056823,0.98,24.0,0.6915508667868677,109,True,True
training-event-043,region-5,2586,8.70830227624688,0.7815988868140595,0.5,0.8738054243405877,53,True,True
training-event-043,region-5,2586,8.70830227624688,0.7815988868140595,2.0,0.8738054243405877,88,True,True
training-event-043,region-5,2586,8.70830227624688,0.7815988868140595,8.0,0.8738054243405877,197,True,True
training-event-043,region-5,2586,8.70830227624688,0.7815988868140595,24.0,0.8738054243405877,385,True,True
training-event-044,region-0,3212,6.091944270457883,0.45583067963042784,0.5,0.9266462613947765,13,True,True
training-event-044,region-0,3212,6.091944270457883,0.45583067963042784,2.0,0.9266462613947765,36,True,True
training-event-044,region-0,3212,6.091944270457883,0.45583067963042784,8.0,0.9266462613947765,63,True,True
training-event-044,region-0,3212,6.091944270457883,0.45583067963042784,24.0,0.9266462613947765,115,True,True
training-event-044,region-1,1872,5.693461414776822,0.40784229310563214,0.5,0.46076191697297814,1,True,True
training-event-044,region-1,1872,5.693461414776822,0.40784229310563214,2.0,0.46076191697297814,3,True,True
training-event-044,region-1,1872,5.693461414776822,0.40784229310563214,8.0,0.46076191697297814,9,True,True
training-event-044,region-1,1872,5.693461414776822,0.40784229310563214,24.0,0.46076191697297814,19,True,True
training-event-044,region-2,1479,5.210693910073371,0.23665097033700846,0.5,0.550636930363076,2,True,True
training-event-044,region-2,1479,5.210693910073371,0.23665097033700846,2.0,0.550636930363076,10,True,True
training-event-044,region-2,1479,5.210693910073371,0.23665097033700846,8.0,0.550636930363076,18,True,True
training-event-044,region-2,1479,5.210693910073371,0.23665097033700846,24.0,0.550636930363076,30,True,True
training-event-044,region-3,1657,4.9345827962060005,0.08075488412353594,0.5,0.9264557556018898,3,True,True
training-event-044,region-3,1657,4.9345827962060005,0.08075488412353594,2.0,0.9264557556018898,9,True,True
training-event-044,region-3,1657,4.9345827962060005,0.08075488412353594,8.0,0.9264557556018898,17,True,True
training-event-044,region-3,1657,4.9345827962060005,0.08075488412353594,24.0,0.9264557556018898,29,True,True
training-event-044,region-4,1873,4.0,0.23035732916330892,0.5,0.8992479832067707,3,True,True
training-event-044,region-4,1873,4.0,0.23035732916330892,2.0,0.8992479832067707,6,True,True
training-event-044,region-4,1873,4.0,0.23035732916330892,8.0,0.8992479832067707,13,True,True
training-event-044,region-4,1873,4.0,0.23035732916330892,24.0,0.8992479832067707,25,True,True
training-event-044,region-5,1868,5.617305305852984,0.3520092502867146,0.5,0.46827824303580484,6,True,True
training-event-044,region-5,1868,5.617305305852984,0.3520092502867146,2.0,0.46827824303580484,9,True,True
training-event-044,region-5,1868,5.617305305852984,0.3520092502867146,8.0,0.46827824303580484,24,True,True
training-event-044,region-5,1868,5.617305305852984,0.3520092502867146,24.0,0.46827824303580484,43,True,True
training-event-045,region-0,304,5.438540044722001,0.3061802741475283,0.5,0.6286352051316395,0,True,True
training-event-045,region-0,304,5.438540044722001,0.3061802741475283,2.0,0.6286352051316395,0,True,True
training-event-045,region-0,304,5.438540044722001,0.3061802741475283,8.0,0.6286352051316395,0,True,True
training-event-045,region-0,304,5.438540044722001,0.3061802741475283,24.0,0.6286352051316395,4,True,True
training-event-045,region-1,2322,6.207553160816055,0.28840128580002466,0.5,0.5034031456189079,14,True,True
training-event-045,region-1,2322,6.207553160816055,0.28840128580002466,2.0,0.5034031456189079,22,True,True
training-event-045,region-1,2322,6.207553160816055,0.28840128580002466,8.0,0.5034031456189079,43,True,True
training-event-045,region-1,2322,6.207553160816055,0.28840128580002466,24.0,0.5034031456189079,88,True,True
training-event-045,region-2,2141,6.785394841805412,0.6903685330570193,0.5,0.8541503622927451,31,True,True
training-event-045,region-2,2141,6.785394841805412,0.6903685330570193,2.0,0.8541503622927451,58,True,True
training-event-045,region-2,2141,6.785394841805412,0.6903685330570193,8.0,0.8541503622927451,114,True,True
training-event-045,region-2,2141,6.785394841805412,0.6903685330570193,24.0,0.8541503622927451,179,True,True
training-event-045,region-3,1822,7.165679215916379,0.34587236028004575,0.5,0.5451646537069145,19,True,True
training-event-045,region-3,1822,7.165679215916379,0.34587236028004575,2.0,0.5451646537069145,21,True,True
training-event-045,region-3,1822,7.165679215916379,0.34587236028004575,8.0,0.5451646537069145,47,True,True
training-event-045,region-3,1822,7.165679215916379,0.34587236028004575,24.0,0.5451646537069145,82,True,True
training-event-045,region-4,3036,6.95745575253338,0.5960528112549801,0.5,0.48458189915873107,18,True,True
training-event-045,region-4,3036,6.95745575253338,0.5960528112549801,2.0,0.48458189915873107,30,True,True
training-event-045,region-4,3036,6.95745575253338,0.5960528112549801,8.0,0.48458189915873107,66,True,True
training-event-045,region-4,3036,6.95745575253338,0.5960528112549801,24.0,0.48458189915873107,136,True,True
training-event-045,region-5,953,7.666620037428911,0.6965042332108177,0.5,0.4004735217475272,2,True,True
training-event-045,region-5,953,7.666620037428911,0.6965042332108177,2.0,0.4004735217475272,8,True,True
training-event-045,region-5,953,7.666620037428911,0.6965042332108177,8.0,0.4004735217475272,16,True,True
training-event-045,region-5,953,7.666620037428911,0.6965042332108177,24.0,0.4004735217475272,38,True,True
training-event-046,region-0,1653,9.0,0.6564336455212213,0.5,0.7819975736642933,39,True,True
training-event-046,region-0,1653,9.0,0.6564336455212213,2.0,0.7819975736642933,71,True,True
training-event-046,region-0,1653,9.0,0.6564336455212213,8.0,0.7819975736642933,159,True,True
training-event-046,region-0,1653,9.0,0.6564336455212213,24.0,0.7819975736642933,295,True,True
training-event-046,region-1,2098,7.46173210681843,0.7562533386738958,0.5,0.8663547276147152,40,True,True
training-event-046,region-1,2098,7.46173210681843,0.7562533386738958,2.0,0.8663547276147152,76,True,True
training-event-046,region-1,2098,7.46173210681843,0.7562533386738958,8.0,0.8663547276147152,142,True,True
training-event-046,region-1,2098,7.46173210681843,0.7562533386738958,24.0,0.8663547276147152,245,True,True
training-event-046,region-2,3215,7.51672863266771,0.5040052352766625,0.5,0.7890341803516929,25,True,True
training-event-046,region-2,3215,7.51672863266771,0.5040052352766625,2.0,0.7890341803516929,47,True,True
training-event-046,region-2,3215,7.51672863266771,0.5040052352766625,8.0,0.7890341803516929,108,True,True
training-event-046,region-2,3215,7.51672863266771,0.5040052352766625,24.0,0.7890341803516929,187,True,True
training-event-046,region-3,2548,7.175644110380471,0.5977583484618952,0.5,0.6090131013195803,26,True,True
training-event-046,region-3,2548,7.175644110380471,0.5977583484618952,2.0,0.6090131013195803,49,True,True
training-event-046,region-3,2548,7.175644110380471,0.5977583484618952,8.0,0.6090131013195803,86,True,True
training-event-046,region-3,2548,7.175644110380471,0.5977583484618952,24.0,0.6090131013195803,157,True,True
training-event-046,region-4,2730,7.780101801516243,0.9441244703537581,0.5,0.5180487774974057,51,True,True
training-event-046,region-4,2730,7.780101801516243,0.9441244703537581,2.0,0.5180487774974057,98,True,True
training-event-046,region-4,2730,7.780101801516243,0.9441244703537581,8.0,0.5180487774974057,202,True,True
training-event-046,region-4,2730,7.780101801516243,0.9441244703537581,24.0,0.5180487774974057,362,True,True
training-event-046,region-5,3165,7.724171579601284,0.7027647589433155,0.5,0.7965669043251089,35,True,True
training-event-046,region-5,3165,7.724171579601284,0.7027647589433155,2.0,0.7965669043251089,82,True,True
training-event-046,region-5,3165,7.724171579601284,0.7027647589433155,8.0,0.7965669043251089,176,True,True
training-event-046,region-5,3165,7.724171579601284,0.7027647589433155,24.0,0.7965669043251089,311,True,True
training-event-047,region-0,2988,4.0,0.032983484728593325,0.5,0.504039216639201,0,True,True
training-event-047,region-0,2988,4.0,0.032983484728593325,2.0,0.504039216639201,3,True,True
training-event-047,region-0,2988,4.0,0.032983484728593325,8.0,0.504039216639201,6,True,True
training-event-047,region-0,2988,4.0,0.032983484728593325,24.0,0.504039216639201,10,True,True
training-event-047,region-1,185,6.044720127113176,0.523824430436238,0.5,0.9877149429620796,2,True,True
training-event-047,region-1,185,6.044720127113176,0.523824430436238,2.0,0.9877149429620796,5,True,True
training-event-047,region-1,185,6.044720127113176,0.523824430436238,8.0,0.9877149429620796,10,True,True
training-event-047,region-1,185,6.044720127113176,0.523824430436238,24.0,0.9877149429620796,15,True,True
training-event-047,region-2,2768,5.033817822111308,0.09966117331700823,0.5,0.7494359186580661,12,True,True
training-event-047,region-2,2768,5.033817822111308,0.09966117331700823,2.0,0.7494359186580661,15,True,True
training-event-047,region-2,2768,5.033817822111308,0.09966117331700823,8.0,0.7494359186580661,35,True,True
training-event-047,region-2,2768,5.033817822111308,0.09966117331700823,24.0,0.7494359186580661,62,True,True
training-event-047,region-3,430,6.876502878897348,0.6504082011753596,0.5,0.48318814917479913,4,True,True
training-event-047,region-3,430,6.876502878897348,0.6504082011753596,2.0,0.48318814917479913,9,True,True
training-event-047,region-3,430,6.876502878897348,0.6504082011753596,8.0,0.48318814917479913,13,True,True
training-event-047,region-3,430,6.876502878897348,0.6504082011753596,24.0,0.48318814917479913,18,True,True
training-event-047,region-4,3345,5.987405794032466,0.44298786935131856,0.5,0.6539855149889061,26,True,True
training-event-047,region-4,3345,5.987405794032466,0.44298786935131856,2.0,0.6539855149889061,43,True,True
training-event-047,region-4,3345,5.987405794032466,0.44298786935131856,8.0,0.6539855149889061,88,True,True
training-event-047,region-4,3345,5.987405794032466,0.44298786935131856,24.0,0.6539855149889061,150,True,True
training-event-047,region-5,2048,5.919961136301204,0.3200544928403595,0.5,0.5882076057255118,3,True,True
training-event-047,region-5,2048,5.919961136301204,0.3200544928403595,2.0,0.5882076057255118,10,True,True
training-event-047,region-5,2048,5.919961136301204,0.3200544928403595,8.0,0.5882076057255118,22,True,True
training-event-047,region-5,2048,5.919961136301204,0.3200544928403595,24.0,0.5882076057255118,39,True,True
training-event-048,region-0,1669,4.848499102869034,0.3057190577107787,0.5,0.8255072750861201,4,True,True
training-event-048,region-0,1669,4.848499102869034,0.3057190577107787,2.0,0.8255072750861201,7,True,True
training-event-048,region-0,1669,4.848499102869034,0.3057190577107787,8.0,0.8255072750861201,16,True,True
training-event-048,region-0,1669,4.848499102869034,0.3057190577107787,24.0,0.8255072750861201,23,True,True
training-event-048,region-1,3315,4.215213959105727,0.09339365545559095,0.5,0.5784751374911805,5,True,True
training-event-048,region-1,3315,4.215213959105727,0.09339365545559095,2.0,0.5784751374911805,8,True,True
training-event-048,region-1,3315,4.215213959105727,0.09339365545559095,8.0,0.5784751374911805,18,True,True
training-event-048,region-1,3315,4.215213959105727,0.09339365545559095,24.0,0.5784751374911805,25,True,True
training-event-048,region-2,2495,4.2966724088947315,0.02,0.5,0.8766673631220961,5,True,True
training-event-048,region-2,2495,4.2966724088947315,0.02,2.0,0.8766673631220961,7,True,True
training-event-048,region-2,2495,4.2966724088947315,0.02,8.0,0.8766673631220961,17,True,True
training-event-048,region-2,2495,4.2966724088947315,0.02,24.0,0.8766673631220961,22,True,True
training-event-048,region-3,488,4.590427630124561,0.38389190092632935,0.5,0.8228090054856132,0,True,True
training-event-048,region-3,488,4.590427630124561,0.38389190092632935,2.0,0.8228090054856132,2,True,True
training-event-048,region-3,488,4.590427630124561,0.38389190092632935,8.0,0.8228090054856132,5,True,True
training-event-048,region-3,488,4.590427630124561,0.38389190092632935,24.0,0.8228090054856132,15,True,True
training-event-048,region-4,276,4.6715574811537905,0.20966788781500417,0.5,0.6650576943542283,0,True,True
training-event-048,region-4,276,4.6715574811537905,0.20966788781500417,2.0,0.6650576943542283,1,True,True
training-event-048,region-4,276,4.6715574811537905,0.20966788781500417,8.0,0.6650576943542283,2,True,True
training-event-048,region-4,276,4.6715574811537905,0.20966788781500417,24.0,0.6650576943542283,4,True,True
training-event-048,region-5,1736,5.921618215184996,0.2698982542123411,0.5,0.970979865755139,7,True,True
training-event-048,region-5,1736,5.921618215184996,0.2698982542123411,2.0,0.970979865755139,15,True,True
training-event-048,region-5,1736,5.921618215184996,0.2698982542123411,8.0,0.970979865755139,41,True,True
training-event-048,region-5,1736,5.921618215184996,0.2698982542123411,24.0,0.970979865755139,69,True,True
training-event-049,region-0,1427,4.398688671597687,0.02,0.5,0.6987556406883815,0,True,True
training-event-049,region-0,1427,4.398688671597687,0.02,2.0,0.6987556406883815,1,True,True
training-event-049,region-0,1427,4.398688671597687,0.02,8.0,0.6987556406883815,5,True,True
training-event-049,region-0,1427,4.398688671597687,0.02,24.0,0.6987556406883815,8,True,True
training-event-049,region-1,2278,4.428337125360937,0.09645278621940964,0.5,0.8230275287562591,12,True,True
training-event-049,region-1,2278,4.428337125360937,0.09645278621940964,2.0,0.8230275287562591,21,True,True
training-event-049,region-1,2278,4.428337125360937,0.09645278621940964,8.0,0.8230275287562591,34,True,True
training-event-049,region-1,2278,4.428337125360937,0.09645278621940964,24.0,0.8230275287562591,49,True,True
training-event-049,region-2,3458,4.278999795705398,0.02,0.5,0.8648470412143245,6,True,True
training-event-049,region-2,3458,4.278999795705398,0.02,2.0,0.8648470412143245,10,True,True
training-event-049,region-2,3458,4.278999795705398,0.02,8.0,0.8648470412143245,26,True,True
training-event-049,region-2,3458,4.278999795705398,0.02,24.0,0.8648470412143245,59,True,True
training-event-049,region-3,1017,4.648257441352636,0.20546820438745358,0.5,0.9752678194478732,3,True,True
training-event-049,region-3,1017,4.648257441352636,0.20546820438745358,2.0,0.9752678194478732,6,True,True
training-event-049,region-3,1017,4.648257441352636,0.20546820438745358,8.0,0.9752678194478732,13,True,True
training-event-049,region-3,1017,4.648257441352636,0.20546820438745358,24.0,0.9752678194478732,22,True,True
training-event-049,region-4,2663,4.688421223694385,0.16088736061071984,0.5,0.49578334111353095,3,True,True
training-event-049,region-4,2663,4.688421223694385,0.16088736061071984,2.0,0.49578334111353095,9,True,True
training-event-049,region-4,2663,4.688421223694385,0.16088736061071984,8.0,0.49578334111353095,18,True,True
training-event-049,region-4,2663,4.688421223694385,0.16088736061071984,24.0,0.49578334111353095,30,True,True
training-event-049,region-5,3053,5.280902092904962,0.47419280518131846,0.5,0.5045942879991596,6,True,True
training-event-049,region-5,3053,5.280902092904962,0.47419280518131846,2.0,0.5045942879991596,16,True,True
training-event-049,region-5,3053,5.280902092904962,0.47419280518131846,8.0,0.5045942879991596,23,True,True
training-event-049,region-5,3053,5.280902092904962,0.47419280518131846,24.0,0.5045942879991596,45,True,True
training-event-050,region-0,2434,4.0,0.02,0.5,0.7497485372117759,6,True,True
training-event-050,region-0,2434,4.0,0.02,2.0,0.7497485372117759,16,True,True
training-event-050,region-0,2434,4.0,0.02,8.0,0.7497485372117759,28,True,True
training-event-050,region-0,2434,4.0,0.02,24.0,0.7497485372117759,48,True,True
training-event-050,region-1,2654,4.021902236314627,0.06068421398866551,0.5,0.5723503979356604,2,True,True
training-event-050,region-1,2654,4.021902236314627,0.06068421398866551,2.0,0.5723503979356604,6,True,True
training-event-050,region-1,2654,4.021902236314627,0.06068421398866551,8.0,0.5723503979356604,12,True,True
training-event-050,region-1,2654,4.021902236314627,0.06068421398866551,24.0,0.5723503979356604,21,True,True
training-event-050,region-2,3070,4.0,0.02,0.5,0.49905485721798376,0,True,True
training-event-050,region-2,3070,4.0,0.02,2.0,0.49905485721798376,7,True,True
training-event-050,region-2,3070,4.0,0.02,8.0,0.49905485721798376,12,True,True
training-event-050,region-2,3070,4.0,0.02,24.0,0.49905485721798376,24,True,True
training-event-050,region-3,1563,4.663008712700469,0.06546696949149403,0.5,0.8143404021099114,6,True,True
training-event-050,region-3,1563,4.663008712700469,0.06546696949149403,2.0,0.8143404021099114,11,True,True
training-event-050,region-3,1563,4.663008712700469,0.06546696949149403,8.0,0.8143404021099114,19,True,True
training-event-050,region-3,1563,4.663008712700469,0.06546696949149403,24.0,0.8143404021099114,38,True,True
training-event-050,region-4,2146,4.0,0.02,0.5,0.9230763596368029,2,True,True
training-event-050,region-4,2146,4.0,0.02,2.0,0.9230763596368029,5,True,True
training-event-050,region-4,2146,4.0,0.02,8.0,0.9230763596368029,16,True,True
training-event-050,region-4,2146,4.0,0.02,24.0,0.9230763596368029,33,True,True
training-event-050,region-5,1930,4.0,0.048032837985101495,0.5,0.8304036114125695,7,True,True
training-event-050,region-5,1930,4.0,0.048032837985101495,2.0,0.8304036114125695,11,True,True
training-event-050,region-5,1930,4.0,0.048032837985101495,8.0,0.8304036114125695,20,True,True
training-event-050,region-5,1930,4.0,0.048032837985101495,24.0,0.8304036114125695,30,True,True
training-event-051,region-0,1298,5.26712800413386,0.16978909597987302,0.5,0.5473915833653953,0,True,True
training-event-051,region-0,1298,5.26712800413386,0.16978909597987302,2.0,0.5473915833653953,3,True,True
training-event-051,region-0,1298,5.26712800413386,0.16978909597987302,8.0,0.5473915833653953,13,True,True
training-event-051,region-0,1298,5.26712800413386,0.16978909597987302,24.0,0.5473915833653953,27,True,True
training-event-051,region-1,752,6.784173102336451,0.37835849817902245,0.5,0.6608403314071595,8,True,True
training-event-051,region-1,752,6.784173102336451,0.37835849817902245,2.0,0.6608403314071595,11,True,True
training-event-051,region-1,752,6.784173102336451,0.37835849817902245,8.0,0.6608403314071595,23,True,True
training-event-051,region-1,752,6.784173102336451,0.37835849817902245,24.0,0.6608403314071595,43,True,True
training-event-051,region-2,2613,5.536376634419062,0.466974066654395,0.5,0.5652498939911521,6,True,True
training-event-051,region-2,2613,5.536376634419062,0.466974066654395,2.0,0.5652498939911521,10,True,True
training-event-051,region-2,2613,5.536376634419062,0.466974066654395,8.0,0.5652498939911521,28,True,True
training-event-051,region-2,2613,5.536376634419062,0.466974066654395,24.0,0.5652498939911521,52,True,True
training-event-051,region-3,1675,4.727696384986648,0.057369028163277894,0.5,0.4353555672853337,2,True,True
training-event-051,region-3,1675,4.727696384986648,0.057369028163277894,2.0,0.4353555672853337,3,True,True
training-event-051,region-3,1675,4.727696384986648,0.057369028163277894,8.0,0.4353555672853337,6,True,True
training-event-051,region-3,1675,4.727696384986648,0.057369028163277894,24.0,0.4353555672853337,12,True,True
training-event-051,region-4,135,6.94250296131165,0.40126445334789895,0.5,0.4310051107407101,1,True,True
training-event-051,region-4,135,6.94250296131165,0.40126445334789895,2.0,0.4310051107407101,1,True,True
training-event-051,region-4,135,6.94250296131165,0.40126445334789895,8.0,0.4310051107407101,3,True,True
training-event-051,region-4,135,6.94250296131165,0.40126445334789895,24.0,0.4310051107407101,5,True,True
training-event-051,region-5,169,5.84309250962419,0.3697743398894822,0.5,0.988936450847787,0,True,True
training-event-051,region-5,169,5.84309250962419,0.3697743398894822,2.0,0.988936450847787,0,True,True
training-event-051,region-5,169,5.84309250962419,0.3697743398894822,8.0,0.988936450847787,2,True,True
training-event-051,region-5,169,5.84309250962419,0.3697743398894822,24.0,0.988936450847787,6,True,True
training-event-052,region-0,882,7.158998074029429,0.4940197020471526,0.5,0.6557079529307571,6,True,True
training-event-052,region-0,882,7.158998074029429,0.4940197020471526,2.0,0.6557079529307571,12,True,True
training-event-052,region-0,882,7.158998074029429,0.4940197020471526,8.0,0.6557079529307571,26,True,True
training-event-052,region-0,882,7.158998074029429,0.4940197020471526,24.0,0.6557079529307571,50,True,True
training-event-052,region-1,1819,5.59741438707702,0.24826915691078585,0.5,0.7131997084498276,5,True,True
training-event-052,region-1,1819,5.59741438707702,0.24826915691078585,2.0,0.7131997084498276,7,True,True
training-event-052,region-1,1819,5.59741438707702,0.24826915691078585,8.0,0.7131997084498276,14,True,True
training-event-052,region-1,1819,5.59741438707702,0.24826915691078585,24.0,0.7131997084498276,31,True,True
training-event-052,region-2,2990,5.351463064348264,0.11783202808533463,0.5,0.7984525516293033,9,True,True
training-event-052,region-2,2990,5.351463064348264,0.11783202808533463,2.0,0.7984525516293033,18,True,True
training-event-052,region-2,2990,5.351463064348264,0.11783202808533463,8.0,0.7984525516293033,38,True,True
training-event-052,region-2,2990,5.351463064348264,0.11783202808533463,24.0,0.7984525516293033,67,True,True
training-event-052,region-3,939,5.0133254037428445,0.19671751093567266,0.5,0.49478938218498614,0,True,True
training-event-052,region-3,939,5.0133254037428445,0.19671751093567266,2.0,0.49478938218498614,2,True,True
training-event-052,region-3,939,5.0133254037428445,0.19671751093567266,8.0,0.49478938218498614,6,True,True
training-event-052,region-3,939,5.0133254037428445,0.19671751093567266,24.0,0.49478938218498614,9,True,True
training-event-052,region-4,801,4.993679859131586,0.1006513722226171,0.5,0.9593124741992911,2,True,True
training-event-052,region-4,801,4.993679859131586,0.1006513722226171,2.0,0.9593124741992911,6,True,True
training-event-052,region-4,801,4.993679859131586,0.1006513722226171,8.0,0.9593124741992911,15,True,True
training-event-052,region-4,801,4.993679859131586,0.1006513722226171,24.0,0.9593124741992911,21,True,True
training-event-052,region-5,1301,6.894877437675364,0.64024150923927,0.5,0.8191719337802159,9,True,True
training-event-052,region-5,1301,6.894877437675364,0.64024150923927,2.0,0.8191719337802159,22,True,True
training-event-052,region-5,1301,6.894877437675364,0.64024150923927,8.0,0.8191719337802159,40,True,True
training-event-052,region-5,1301,6.894877437675364,0.64024150923927,24.0,0.8191719337802159,68,True,True
training-event-053,region-0,2698,5.180315164990947,0.02,0.5,0.648009262060792,1,True,True
training-event-053,region-0,2698,5.180315164990947,0.02,2.0,0.648009262060792,4,True,True
training-event-053,region-0,2698,5.180315164990947,0.02,8.0,0.648009262060792,10,True,True
training-event-053,region-0,2698,5.180315164990947,0.02,24.0,0.648009262060792,19,True,True
training-event-053,region-1,3179,4.1300096184411625,0.02,0.5,0.5722110736402173,3,True,True
training-event-053,region-1,3179,4.1300096184411625,0.02,2.0,0.5722110736402173,5,True,True
training-event-053,region-1,3179,4.1300096184411625,0.02,8.0,0.5722110736402173,14,True,True
training-event-053,region-1,3179,4.1300096184411625,0.02,24.0,0.5722110736402173,28,True,True
training-event-053,region-2,1420,4.6052788285155035,0.02,0.5,0.43308733438930647,0,True,True
training-event-053,region-2,1420,4.6052788285155035,0.02,2.0,0.43308733438930647,0,True,True
training-event-053,region-2,1420,4.6052788285155035,0.02,8.0,0.43308733438930647,0,True,True
training-event-053,region-2,1420,4.6052788285155035,0.02,24.0,0.43308733438930647,7,True,True
training-event-053,region-3,2530,4.411957871940762,0.03133526417834615,0.5,0.6427974757537088,7,True,True
training-event-053,region-3,2530,4.411957871940762,0.03133526417834615,2.0,0.6427974757537088,11,True,True
training-event-053,region-3,2530,4.411957871940762,0.03133526417834615,8.0,0.6427974757537088,28,True,True
training-event-053,region-3,2530,4.411957871940762,0.03133526417834615,24.0,0.6427974757537088,41,True,True
training-event-053,region-4,654,4.26954350398212,0.11173448436714797,0.5,0.6510102223922815,2,True,True
training-event-053,region-4,654,4.26954350398212,0.11173448436714797,2.0,0.6510102223922815,4,True,True
training-event-053,region-4,654,4.26954350398212,0.11173448436714797,8.0,0.6510102223922815,6,True,True
training-event-053,region-4,654,4.26954350398212,0.11173448436714797,24.0,0.6510102223922815,9,True,True
training-event-053,region-5,2308,4.002071973095871,0.02,0.5,0.8855748436138338,4,True,True
training-event-053,region-5,2308,4.002071973095871,0.02,2.0,0.8855748436138338,10,True,True
training-event-053,region-5,2308,4.002071973095871,0.02,8.0,0.8855748436138338,19,True,True
training-event-053,region-5,2308,4.002071973095871,0.02,24.0,0.8855748436138338,31,True,True
training-event-054,region-0,412,5.469659529954493,0.25706417745846727,0.5,0.5133876440065542,3,True,True
training-event-054,region-0,412,5.469659529954493,0.25706417745846727,2.0,0.5133876440065542,3,True,True
training-event-054,region-0,412,5.469659529954493,0.25706417745846727,8.0,0.5133876440065542,7,True,True
training-event-054,region-0,412,5.469659529954493,0.25706417745846727,24.0,0.5133876440065542,7,True,True
training-event-054,region-1,3074,5.8153484919938725,0.7028479034105393,0.5,0.7325803410279934,13,True,True
training-event-054,region-1,3074,5.8153484919938725,0.7028479034105393,2.0,0.7325803410279934,35,True,True
training-event-054,region-1,3074,5.8153484919938725,0.7028479034105393,8.0,0.7325803410279934,75,True,True
training-event-054,region-1,3074,5.8153484919938725,0.7028479034105393,24.0,0.7325803410279934,137,True,True
training-event-054,region-2,414,5.590392860921408,0.24122181906193824,0.5,0.5174918224141366,1,True,True
training-event-054,region-2,414,5.590392860921408,0.24122181906193824,2.0,0.5174918224141366,1,True,True
training-event-054,region-2,414,5.590392860921408,0.24122181906193824,8.0,0.5174918224141366,1,True,True
training-event-054,region-2,414,5.590392860921408,0.24122181906193824,24.0,0.5174918224141366,5,True,True
training-event-054,region-3,2541,6.035192282087324,0.4004287777378305,0.5,0.68158207265795,22,True,True
training-event-054,region-3,2541,6.035192282087324,0.4004287777378305,2.0,0.68158207265795,38,True,True
training-event-054,region-3,2541,6.035192282087324,0.4004287777378305,8.0,0.68158207265795,66,True,True
training-event-054,region-3,2541,6.035192282087324,0.4004287777378305,24.0,0.68158207265795,139,True,True
training-event-054,region-4,86,5.612632371836504,0.32256004171645536,0.5,0.5861983617505946,2,True,True
training-event-054,region-4,86,5.612632371836504,0.32256004171645536,2.0,0.5861983617505946,3,True,True
training-event-054,region-4,86,5.612632371836504,0.32256004171645536,8.0,0.5861983617505946,3,True,True
training-event-054,region-4,86,5.612632371836504,0.32256004171645536,24.0,0.5861983617505946,5,True,True
training-event-054,region-5,330,6.514793425416541,0.6058608508502838,0.5,0.552119767026392,2,True,True
training-event-054,region-5,330,6.514793425416541,0.6058608508502838,2.0,0.552119767026392,2,True,True
training-event-054,region-5,330,6.514793425416541,0.6058608508502838,8.0,0.552119767026392,6,True,True
training-event-054,region-5,330,6.514793425416541,0.6058608508502838,24.0,0.552119767026392,13,True,True
training-event-055,region-0,1791,6.635404682069229,0.439862563679581,0.5,0.8339120562221778,9,True,True
training-event-055,region-0,1791,6.635404682069229,0.439862563679581,2.0,0.8339120562221778,14,True,True
training-event-055,region-0,1791,6.635404682069229,0.439862563679581,8.0,0.8339120562221778,27,True,True
training-event-055,region-0,1791,6.635404682069229,0.439862563679581,24.0,0.8339120562221778,40,True,True
training-event-055,region-1,691,7.003140936318741,0.591529598573708,0.5,0.6378777054708726,1,True,True
training-event-055,region-1,691,7.003140936318741,0.591529598573708,2.0,0.6378777054708726,6,True,True
training-event-055,region-1,691,7.003140936318741,0.591529598573708,8.0,0.6378777054708726,10,True,True
training-event-055,region-1,691,7.003140936318741,0.591529598573708,24.0,0.6378777054708726,22,True,True
training-event-055,region-2,77,7.154216566990394,0.36860372380545947,0.5,0.7579630464122442,0,True,True
training-event-055,region-2,77,7.154216566990394,0.36860372380545947,2.0,0.7579630464122442,0,True,True
training-event-055,region-2,77,7.154216566990394,0.36860372380545947,8.0,0.7579630464122442,1,True,True
training-event-055,region-2,77,7.154216566990394,0.36860372380545947,24.0,0.7579630464122442,2,True,True
training-event-055,region-3,3083,8.294209573422485,0.9019911543659123,0.5,0.876562355109612,107,True,True
training-event-055,region-3,3083,8.294209573422485,0.9019911543659123,2.0,0.876562355109612,190,True,True
training-event-055,region-3,3083,8.294209573422485,0.9019911543659123,8.0,0.876562355109612,418,True,True
training-event-055,region-3,3083,8.294209573422485,0.9019911543659123,24.0,0.876562355109612,787,True,True
training-event-055,region-4,743,6.4979045002977225,0.4310147171413895,0.5,0.7277539616635655,6,True,True
training-event-055,region-4,743,6.4979045002977225,0.4310147171413895,2.0,0.7277539616635655,9,True,True
training-event-055,region-4,743,6.4979045002977225,0.4310147171413895,8.0,0.7277539616635655,17,True,True
training-event-055,region-4,743,6.4979045002977225,0.4310147171413895,24.0,0.7277539616635655,36,True,True
training-event-055,region-5,664,8.634293320789993,0.98,0.5,0.9588420165760534,17,True,True
training-event-055,region-5,664,8.634293320789993,0.98,2.0,0.9588420165760534,37,True,True
training-event-055,region-5,664,8.634293320789993,0.98,8.0,0.9588420165760534,72,True,True
training-event-055,region-5,664,8.634293320789993,0.98,24.0,0.9588420165760534,139,True,True
training-event-056,region-0,2194,4.0,0.18521015721065306,0.5,0.5764511919311235,3,True,True
training-event-056,region-0,2194,4.0,0.18521015721065306,2.0,0.5764511919311235,6,True,True
training-event-056,region-0,2194,4.0,0.18521015721065306,8.0,0.5764511919311235,16,True,True
training-event-056,region-0,2194,4.0,0.18521015721065306,24.0,0.5764511919311235,29,True,True
training-event-056,region-1,554,4.284356976313985,0.183360906073392,0.5,0.9401046832113055,3,True,True
training-event-056,region-1,554,4.284356976313985,0.183360906073392,2.0,0.9401046832113055,3,True,True
training-event-056,region-1,554,4.284356976313985,0.183360906073392,8.0,0.9401046832113055,6,True,True
training-event-056,region-1,554,4.284356976313985,0.183360906073392,24.0,0.9401046832113055,7,True,True
training-event-056,region-2,2526,4.194871282395222,0.02,0.5,0.44544462346555264,6,True,True
training-event-056,region-2,2526,4.194871282395222,0.02,2.0,0.44544462346555264,10,True,True
training-event-056,region-2,2526,4.194871282395222,0.02,8.0,0.44544462346555264,17,True,True
training-event-056,region-2,2526,4.194871282395222,0.02,24.0,0.44544462346555264,25,True,True
training-event-056,region-3,2262,4.618369415003713,0.29591180358254976,0.5,0.45071350038283686,4,True,True
training-event-056,region-3,2262,4.618369415003713,0.29591180358254976,2.0,0.45071350038283686,9,True,True
training-event-056,region-3,2262,4.618369415003713,0.29591180358254976,8.0,0.45071350038283686,13,True,True
training-event-056,region-3,2262,4.618369415003713,0.29591180358254976,24.0,0.45071350038283686,23,True,True
training-event-056,region-4,1007,4.422297945037981,0.16736826214871506,0.5,0.9399439663584196,6,True,True
training-event-056,region-4,1007,4.422297945037981,0.16736826214871506,2.0,0.9399439663584196,10,True,True
training-event-056,region-4,1007,4.422297945037981,0.16736826214871506,8.0,0.9399439663584196,18,True,True
training-event-056,region-4,1007,4.422297945037981,0.16736826214871506,24.0,0.9399439663584196,23,True,True
training-event-056,region-5,2294,4.970526140807284,0.12230724723388066,0.5,0.6755082332998987,4,True,True
training-event-056,region-5,2294,4.970526140807284,0.12230724723388066,2.0,0.6755082332998987,10,True,True
training-event-056,region-5,2294,4.970526140807284,0.12230724723388066,8.0,0.6755082332998987,21,True,True
training-event-056,region-5,2294,4.970526140807284,0.12230724723388066,24.0,0.6755082332998987,38,True,True
training-event-057,region-0,1441,7.722376904125188,0.7635835094759306,0.5,0.9415388358560427,27,True,True
training-event-057,region-0,1441,7.722376904125188,0.7635835094759306,2.0,0.9415388358560427,55,True,True
training-event-057,region-0,1441,7.722376904125188,0.7635835094759306,8.0,0.9415388358560427,111,True,True
training-event-057,region-0,1441,7.722376904125188,0.7635835094759306,24.0,0.9415388358560427,197,True,True
training-event-057,region-1,2385,7.591477611087595,0.695819211105931,0.5,0.7202246928465075,29,True,True
training-event-057,region-1,2385,7.591477611087595,0.695819211105931,2.0,0.7202246928465075,54,True,True
training-event-057,region-1,2385,7.591477611087595,0.695819211105931,8.0,0.7202246928465075,99,True,True
training-event-057,region-1,2385,7.591477611087595,0.695819211105931,24.0,0.7202246928465075,189,True,True
training-event-057,region-2,142,6.936724007054301,0.6599342460971485,0.5,0.5558379725787147,1,True,True
training-event-057,region-2,142,6.936724007054301,0.6599342460971485,2.0,0.5558379725787147,2,True,True
training-event-057,region-2,142,6.936724007054301,0.6599342460971485,8.0,0.5558379725787147,3,True,True
training-event-057,region-2,142,6.936724007054301,0.6599342460971485,24.0,0.5558379725787147,8,True,True
training-event-057,region-3,3118,6.920147094767297,0.609342675779845,0.5,0.5076728615249608,11,True,True
training-event-057,region-3,3118,6.920147094767297,0.609342675779845,2.0,0.5076728615249608,34,True,True
training-event-057,region-3,3118,6.920147094767297,0.609342675779845,8.0,0.5076728615249608,85,True,True
training-event-057,region-3,3118,6.920147094767297,0.609342675779845,24.0,0.5076728615249608,152,True,True
training-event-057,region-4,2566,9.0,0.8792995421543214,0.5,0.6172658733047302,55,True,True
training-event-057,region-4,2566,9.0,0.8792995421543214,2.0,0.6172658733047302,122,True,True
training-event-057,region-4,2566,9.0,0.8792995421543214,8.0,0.6172658733047302,239,True,True
training-event-057,region-4,2566,9.0,0.8792995421543214,24.0,0.6172658733047302,428,True,True
training-event-057,region-5,3456,7.087782314641201,0.5959260009245796,0.5,0.47825355291244515,19,True,True
training-event-057,region-5,3456,7.087782314641201,0.5959260009245796,2.0,0.47825355291244515,35,True,True
training-event-057,region-5,3456,7.087782314641201,0.5959260009245796,8.0,0.47825355291244515,64,True,True
training-event-057,region-5,3456,7.087782314641201,0.5959260009245796,24.0,0.47825355291244515,125,True,True
training-event-058,region-0,756,6.972139151341644,0.4860497477672179,0.5,0.8689071325819883,5,True,True
training-event-058,region-0,756,6.972139151341644,0.4860497477672179,2.0,0.8689071325819883,9,True,True
training-event-058,region-0,756,6.972139151341644,0.4860497477672179,8.0,0.8689071325819883,20,True,True
training-event-058,region-0,756,6.972139151341644,0.4860497477672179,24.0,0.8689071325819883,36,True,True
training-event-058,region-1,3276,7.543192824054293,0.7534933811490767,0.5,0.9826054172887375,28,True,True
training-event-058,region-1,3276,7.543192824054293,0.7534933811490767,2.0,0.9826054172887375,62,True,True
training-event-058,region-1,3276,7.543192824054293,0.7534933811490767,8.0,0.9826054172887375,133,True,True
training-event-058,region-1,3276,7.543192824054293,0.7534933811490767,24.0,0.9826054172887375,238,True,True
training-event-058,region-2,2002,6.113510409740787,0.35218552915396023,0.5,0.6517644299095847,10,True,True
training-event-058,region-2,2002,6.113510409740787,0.35218552915396023,2.0,0.6517644299095847,21,True,True
training-event-058,region-2,2002,6.113510409740787,0.35218552915396023,8.0,0.6517644299095847,44,True,True
training-event-058,region-2,2002,6.113510409740787,0.35218552915396023,24.0,0.6517644299095847,77,True,True
training-event-058,region-3,2375,5.988741171129619,0.4769443505232039,0.5,0.5227764914107453,6,True,True
training-event-058,region-3,2375,5.988741171129619,0.4769443505232039,2.0,0.5227764914107453,13,True,True
training-event-058,region-3,2375,5.988741171129619,0.4769443505232039,8.0,0.5227764914107453,25,True,True
training-event-058,region-3,2375,5.988741171129619,0.4769443505232039,24.0,0.5227764914107453,48,True,True
training-event-058,region-4,2659,5.894479931793787,0.3123455566755371,0.5,0.4940129661215625,4,True,True
training-event-058,region-4,2659,5.894479931793787,0.3123455566755371,2.0,0.4940129661215625,8,True,True
training-event-058,region-4,2659,5.894479931793787,0.3123455566755371,8.0,0.4940129661215625,22,True,True
training-event-058,region-4,2659,5.894479931793787,0.3123455566755371,24.0,0.4940129661215625,41,True,True
training-event-058,region-5,2985,6.552691999955944,0.6670560200228817,0.5,0.4821838986339576,27,True,True
training-event-058,region-5,2985,6.552691999955944,0.6670560200228817,2.0,0.4821838986339576,52,True,True
training-event-058,region-5,2985,6.552691999955944,0.6670560200228817,8.0,0.4821838986339576,103,True,True
training-event-058,region-5,2985,6.552691999955944,0.6670560200228817,24.0,0.4821838986339576,168,True,True
training-event-059,region-0,2140,4.0,0.05815126347415916,0.5,0.4194132543043304,0,True,True
training-event-059,region-0,2140,4.0,0.05815126347415916,2.0,0.4194132543043304,3,True,True
training-event-059,region-0,2140,4.0,0.05815126347415916,8.0,0.4194132543043304,10,True,True
training-event-059,region-0,2140,4.0,0.05815126347415916,24.0,0.4194132543043304,22,True,True
training-event-059,region-1,948,4.0,0.08528358411103978,0.5,0.6571921791979025,3,True,True
training-event-059,region-1,948,4.0,0.08528358411103978,2.0,0.6571921791979025,7,True,True
training-event-059,region-1,948,4.0,0.08528358411103978,8.0,0.6571921791979025,8,True,True
training-event-059,region-1,948,4.0,0.08528358411103978,24.0,0.6571921791979025,15,True,True
training-event-059,region-2,657,5.623037657193498,0.5452957426720278,0.5,0.45420743669857166,0,True,True
training-event-059,region-2,657,5.623037657193498,0.5452957426720278,2.0,0.45420743669857166,1,True,True
training-event-059,region-2,657,5.623037657193498,0.5452957426720278,8.0,0.45420743669857166,3,True,True
training-event-059,region-2,657,5.623037657193498,0.5452957426720278,24.0,0.45420743669857166,12,True,True
training-event-059,region-3,648,6.314946219332761,0.3371425588434891,0.5,0.4375947003100894,0,True,True
training-event-059,region-3,648,6.314946219332761,0.3371425588434891,2.0,0.4375947003100894,6,True,True
training-event-059,region-3,648,6.314946219332761,0.3371425588434891,8.0,0.4375947003100894,11,True,True
training-event-059,region-3,648,6.314946219332761,0.3371425588434891,24.0,0.4375947003100894,23,True,True
training-event-059,region-4,1807,4.424919039795392,0.02,0.5,0.7541809590680884,7,True,True
training-event-059,region-4,1807,4.424919039795392,0.02,2.0,0.7541809590680884,14,True,True
training-event-059,region-4,1807,4.424919039795392,0.02,8.0,0.7541809590680884,22,True,True
training-event-059,region-4,1807,4.424919039795392,0.02,24.0,0.7541809590680884,38,True,True
training-event-059,region-5,2848,4.339591714846987,0.2236978446715792,0.5,0.466958776134291,1,True,True
training-event-059,region-5,2848,4.339591714846987,0.2236978446715792,2.0,0.466958776134291,8,True,True
training-event-059,region-5,2848,4.339591714846987,0.2236978446715792,8.0,0.466958776134291,16,True,True
training-event-059,region-5,2848,4.339591714846987,0.2236978446715792,24.0,0.466958776134291,33,True,True
training-event-060,region-0,1622,5.5190375463106776,0.3223082368823782,0.5,0.4548131819127088,4,True,True
training-event-060,region-0,1622,5.5190375463106776,0.3223082368823782,2.0,0.4548131819127088,6,True,True
training-event-060,region-0,1622,5.5190375463106776,0.3223082368823782,8.0,0.4548131819127088,10,True,True
training-event-060,region-0,1622,5.5190375463106776,0.3223082368823782,24.0,0.4548131819127088,27,True,True
training-event-060,region-1,838,5.4817624830851654,0.21575557571136195,0.5,0.9756593706011414,3,True,True
training-event-060,region-1,838,5.4817624830851654,0.21575557571136195,2.0,0.9756593706011414,8,True,True
training-event-060,region-1,838,5.4817624830851654,0.21575557571136195,8.0,0.9756593706011414,19,True,True
training-event-060,region-1,838,5.4817624830851654,0.21575557571136195,24.0,0.9756593706011414,33,True,True
training-event-060,region-2,3246,6.644296058799437,0.7094894559171359,0.5,0.9681466307278362,69,True,True
training-event-060,region-2,3246,6.644296058799437,0.7094894559171359,2.0,0.9681466307278362,150,True,True
training-event-060,region-2,3246,6.644296058799437,0.7094894559171359,8.0,0.9681466307278362,306,True,True
training-event-060,region-2,3246,6.644296058799437,0.7094894559171359,24.0,0.9681466307278362,560,True,True
training-event-060,region-3,823,5.934503800462733,0.4751210364105496,0.5,0.588271862848535,4,True,True
training-event-060,region-3,823,5.934503800462733,0.4751210364105496,2.0,0.588271862848535,5,True,True
training-event-060,region-3,823,5.934503800462733,0.4751210364105496,8.0,0.588271862848535,15,True,True
training-event-060,region-3,823,5.934503800462733,0.4751210364105496,24.0,0.588271862848535,28,True,True
training-event-060,region-4,3082,6.2373560437263205,0.3701625343520121,0.5,0.45696597897314534,6,True,True
training-event-060,region-4,3082,6.2373560437263205,0.3701625343520121,2.0,0.45696597897314534,14,True,True
training-event-060,region-4,3082,6.2373560437263205,0.3701625343520121,8.0,0.45696597897314534,34,True,True
training-event-060,region-4,3082,6.2373560437263205,0.3701625343520121,24.0,0.45696597897314534,62,True,True
training-event-060,region-5,1405,5.608652144745868,0.529661079543962,0.5,0.6880004327262816,0,True,True
training-event-060,region-5,1405,5.608652144745868,0.529661079543962,2.0,0.6880004327262816,3,True,True
training-event-060,region-5,1405,5.608652144745868,0.529661079543962,8.0,0.6880004327262816,9,True,True
training-event-060,region-5,1405,5.608652144745868,0.529661079543962,24.0,0.6880004327262816,18,True,True
training-event-061,region-0,715,7.30356587184365,0.691292061453074,0.5,0.47903815739874567,10,True,True
training-event-061,region-0,715,7.30356587184365,0.691292061453074,2.0,0.47903815739874567,15,True,True
training-event-061,region-0,715,7.30356587184365,0.691292061453074,8.0,0.47903815739874567,24,True,True
training-event-061,region-0,715,7.30356587184365,0.691292061453074,24.0,0.47903815739874567,40,True,True
training-event-061,region-1,965,8.594447667224664,0.8384922847762523,0.5,0.44858592283776916,16,True,True
training-event-061,region-1,965,8.594447667224664,0.8384922847762523,2.0,0.44858592283776916,37,True,True
training-event-061,region-1,965,8.594447667224664,0.8384922847762523,8.0,0.44858592283776916,78,True,True
training-event-061,region-1,965,8.594447667224664,0.8384922847762523,24.0,0.44858592283776916,139,True,True
training-event-061,region-2,410,9.0,0.8120600869830034,0.5,0.6340557983264968,2,True,True
training-event-061,region-2,410,9.0,0.8120600869830034,2.0,0.6340557983264968,6,True,True
training-event-061,region-2,410,9.0,0.8120600869830034,8.0,0.6340557983264968,17,True,True
training-event-061,region-2,410,9.0,0.8120600869830034,24.0,0.6340557983264968,41,True,True
training-event-061,region-3,3288,7.22103385310602,0.8102718188746207,0.5,0.8857684687128339,46,True,True
training-event-061,region-3,3288,7.22103385310602,0.8102718188746207,2.0,0.8857684687128339,82,True,True
training-event-061,region-3,3288,7.22103385310602,0.8102718188746207,8.0,0.8857684687128339,167,True,True
training-event-061,region-3,3288,7.22103385310602,0.8102718188746207,24.0,0.8857684687128339,300,True,True
training-event-061,region-4,2750,8.50536626237232,0.98,0.5,0.6270896259076035,68,True,True
training-event-061,region-4,2750,8.50536626237232,0.98,2.0,0.6270896259076035,137,True,True
training-event-061,region-4,2750,8.50536626237232,0.98,8.0,0.6270896259076035,294,True,True
training-event-061,region-4,2750,8.50536626237232,0.98,24.0,0.6270896259076035,508,True,True
training-event-061,region-5,2435,6.553831800202435,0.49271124717602366,0.5,0.9534966635028028,11,True,True
training-event-061,region-5,2435,6.553831800202435,0.49271124717602366,2.0,0.9534966635028028,20,True,True
training-event-061,region-5,2435,6.553831800202435,0.49271124717602366,8.0,0.9534966635028028,56,True,True
training-event-061,region-5,2435,6.553831800202435,0.49271124717602366,24.0,0.9534966635028028,117,True,True
training-event-062,region-0,1031,7.926497173380817,0.8079380365567673,0.5,0.8491740126152175,23,True,True
training-event-062,region-0,1031,7.926497173380817,0.8079380365567673,2.0,0.8491740126152175,39,True,True
training-event-062,region-0,1031,7.926497173380817,0.8079380365567673,8.0,0.8491740126152175,55,True,True
training-event-062,region-0,1031,7.926497173380817,0.8079380365567673,24.0,0.8491740126152175,104,True,True
training-event-062,region-1,3092,6.771141143201231,0.5893616501413887,0.5,0.8226629600490858,21,True,True
training-event-062,region-1,3092,6.771141143201231,0.5893616501413887,2.0,0.8226629600490858,42,True,True
training-event-062,region-1,3092,6.771141143201231,0.5893616501413887,8.0,0.8226629600490858,82,True,True
training-event-062,region-1,3092,6.771141143201231,0.5893616501413887,24.0,0.8226629600490858,150,True,True
training-event-062,region-2,2062,6.593259919450652,0.60415212949307,0.5,0.6611769979563031,15,True,True
training-event-062,region-2,2062,6.593259919450652,0.60415212949307,2.0,0.6611769979563031,33,True,True
training-event-062,region-2,2062,6.593259919450652,0.60415212949307,8.0,0.6611769979563031,73,True,True
training-event-062,region-2,2062,6.593259919450652,0.60415212949307,24.0,0.6611769979563031,136,True,True
training-event-062,region-3,3392,6.404209732712644,0.5354674175029677,0.5,0.9123243079369918,28,True,True
training-event-062,region-3,3392,6.404209732712644,0.5354674175029677,2.0,0.9123243079369918,57,True,True
training-event-062,region-3,3392,6.404209732712644,0.5354674175029677,8.0,0.9123243079369918,99,True,True
training-event-062,region-3,3392,6.404209732712644,0.5354674175029677,24.0,0.9123243079369918,177,True,True
training-event-062,region-4,1068,7.348786218827106,0.6473220714904709,0.5,0.47143824194161066,9,True,True
training-event-062,region-4,1068,7.348786218827106,0.6473220714904709,2.0,0.47143824194161066,17,True,True
training-event-062,region-4,1068,7.348786218827106,0.6473220714904709,8.0,0.47143824194161066,45,True,True
training-event-062,region-4,1068,7.348786218827106,0.6473220714904709,24.0,0.47143824194161066,76,True,True
training-event-062,region-5,1112,7.310545733545107,0.5297468845126978,0.5,0.41776173639185554,6,True,True
training-event-062,region-5,1112,7.310545733545107,0.5297468845126978,2.0,0.41776173639185554,10,True,True
training-event-062,region-5,1112,7.310545733545107,0.5297468845126978,8.0,0.41776173639185554,16,True,True
training-event-062,region-5,1112,7.310545733545107,0.5297468845126978,24.0,0.41776173639185554,38,True,True
training-event-063,region-0,190,8.59129714324374,0.880630185017313,0.5,0.48937387952085354,6,True,True
training-event-063,region-0,190,8.59129714324374,0.880630185017313,2.0,0.48937387952085354,9,True,True
training-event-063,region-0,190,8.59129714324374,0.880630185017313,8.0,0.48937387952085354,16,True,True
training-event-063,region-0,190,8.59129714324374,0.880630185017313,24.0,0.48937387952085354,34,True,True
training-event-063,region-1,962,8.354205903224658,0.9475734663319897,0.5,0.5053991550010402,16,True,True
training-event-063,region-1,962,8.354205903224658,0.9475734663319897,2.0,0.5053991550010402,31,True,True
training-event-063,region-1,962,8.354205903224658,0.9475734663319897,8.0,0.5053991550010402,61,True,True
training-event-063,region-1,962,8.354205903224658,0.9475734663319897,24.0,0.5053991550010402,112,True,True
training-event-063,region-2,1428,7.280131621646881,0.5222762541085315,0.5,0.6109634062915092,8,True,True
training-event-063,region-2,1428,7.280131621646881,0.5222762541085315,2.0,0.6109634062915092,15,True,True
training-event-063,region-2,1428,7.280131621646881,0.5222762541085315,8.0,0.6109634062915092,21,True,True
training-event-063,region-2,1428,7.280131621646881,0.5222762541085315,24.0,0.6109634062915092,47,True,True
training-event-063,region-3,1503,9.0,0.98,0.5,0.7210725559118427,80,True,True
training-event-063,region-3,1503,9.0,0.98,2.0,0.7210725559118427,147,True,True
training-event-063,region-3,1503,9.0,0.98,8.0,0.7210725559118427,292,True,True
training-event-063,region-3,1503,9.0,0.98,24.0,0.7210725559118427,506,True,True
training-event-063,region-4,183,7.767083973201562,0.7472241183481724,0.5,0.5533580207440965,1,True,True
training-event-063,region-4,183,7.767083973201562,0.7472241183481724,2.0,0.5533580207440965,3,True,True
training-event-063,region-4,183,7.767083973201562,0.7472241183481724,8.0,0.5533580207440965,7,True,True
training-event-063,region-4,183,7.767083973201562,0.7472241183481724,24.0,0.5533580207440965,11,True,True
training-event-063,region-5,2631,7.8391723342718675,0.55929301930496,0.5,0.6382353036024724,20,True,True
training-event-063,region-5,2631,7.8391723342718675,0.55929301930496,2.0,0.6382353036024724,53,True,True
training-event-063,region-5,2631,7.8391723342718675,0.55929301930496,8.0,0.6382353036024724,103,True,True
training-event-063,region-5,2631,7.8391723342718675,0.55929301930496,24.0,0.6382353036024724,182,True,True
training-event-064,region-0,682,5.209774344100482,0.1635291155173807,0.5,0.40887964183303394,1,True,True
training-event-064,region-0,682,5.209774344100482,0.1635291155173807,2.0,0.40887964183303394,1,True,True
training-event-064,region-0,682,5.209774344100482,0.1635291155173807,8.0,0.40887964183303394,3,True,True
training-event-064,region-0,682,5.209774344100482,0.1635291155173807,24.0,0.40887964183303394,3,True,True
training-event-064,region-1,391,4.961571223675724,0.02,0.5,0.6769823508760695,0,True,True
training-event-064,region-1,391,4.961571223675724,0.02,2.0,0.6769823508760695,1,True,True
training-event-064,region-1,391,4.961571223675724,0.02,8.0,0.6769823508760695,2,True,True
training-event-064,region-1,391,4.961571223675724,0.02,24.0,0.6769823508760695,4,True,True
training-event-064,region-2,182,5.895938412075062,0.3926350681230846,0.5,0.7899991395631726,1,True,True
training-event-064,region-2,182,5.895938412075062,0.3926350681230846,2.0,0.7899991395631726,4,True,True
training-event-064,region-2,182,5.895938412075062,0.3926350681230846,8.0,0.7899991395631726,6,True,True
training-event-064,region-2,182,5.895938412075062,0.3926350681230846,24.0,0.7899991395631726,9,True,True
training-event-064,region-3,650,5.692642680772872,0.43817259529445085,0.5,0.9069588550673047,1,True,True
training-event-064,region-3,650,5.692642680772872,0.43817259529445085,2.0,0.9069588550673047,4,True,True
training-event-064,region-3,650,5.692642680772872,0.43817259529445085,8.0,0.9069588550673047,10,True,True
training-event-064,region-3,650,5.692642680772872,0.43817259529445085,24.0,0.9069588550673047,19,True,True
training-event-064,region-4,3349,6.114297294668843,0.4482465201522487,0.5,0.5837409308044681,23,True,True
training-event-064,region-4,3349,6.114297294668843,0.4482465201522487,2.0,0.5837409308044681,39,True,True
training-event-064,region-4,3349,6.114297294668843,0.4482465201522487,8.0,0.5837409308044681,67,True,True
training-event-064,region-4,3349,6.114297294668843,0.4482465201522487,24.0,0.5837409308044681,111,True,True
training-event-064,region-5,1386,6.075711264540678,0.4142732190039852,0.5,0.5226590105869755,5,True,True
training-event-064,region-5,1386,6.075711264540678,0.4142732190039852,2.0,0.5226590105869755,13,True,True
training-event-064,region-5,1386,6.075711264540678,0.4142732190039852,8.0,0.5226590105869755,20,True,True
training-event-064,region-5,1386,6.075711264540678,0.4142732190039852,24.0,0.5226590105869755,39,True,True
training-event-065,region-0,3334,5.917578253261178,0.598898149669174,0.5,0.4292373219771505,6,True,True
training-event-065,region-0,3334,5.917578253261178,0.598898149669174,2.0,0.4292373219771505,13,True,True
training-event-065,region-0,3334,5.917578253261178,0.598898149669174,8.0,0.4292373219771505,28,True,True
training-event-065,region-0,3334,5.917578253261178,0.598898149669174,24.0,0.4292373219771505,51,True,True
training-event-065,region-1,366,5.711326507193003,0.4371918410254901,0.5,0.7904305415509141,2,True,True
training-event-065,region-1,366,5.711326507193003,0.4371918410254901,2.0,0.7904305415509141,4,True,True
training-event-065,region-1,366,5.711326507193003,0.4371918410254901,8.0,0.7904305415509141,9,True,True
training-event-065,region-1,366,5.711326507193003,0.4371918410254901,24.0,0.7904305415509141,12,True,True
training-event-065,region-2,514,5.538264131793905,0.4611343805890506,0.5,0.5761276838175173,1,True,True
training-event-065,region-2,514,5.538264131793905,0.4611343805890506,2.0,0.5761276838175173,1,True,True
training-event-065,region-2,514,5.538264131793905,0.4611343805890506,8.0,0.5761276838175173,3,True,True
training-event-065,region-2,514,5.538264131793905,0.4611343805890506,24.0,0.5761276838175173,7,True,True
training-event-065,region-3,3129,6.191409016221219,0.37794529523962794,0.5,0.47382075232157506,8,True,True
training-event-065,region-3,3129,6.191409016221219,0.37794529523962794,2.0,0.47382075232157506,19,True,True
training-event-065,region-3,3129,6.191409016221219,0.37794529523962794,8.0,0.47382075232157506,37,True,True
training-event-065,region-3,3129,6.191409016221219,0.37794529523962794,24.0,0.47382075232157506,62,True,True
training-event-065,region-4,2664,5.671459149871004,0.3487552365782495,0.5,0.8487715330007923,12,True,True
training-event-065,region-4,2664,5.671459149871004,0.3487552365782495,2.0,0.8487715330007923,16,True,True
training-event-065,region-4,2664,5.671459149871004,0.3487552365782495,8.0,0.8487715330007923,42,True,True
training-event-065,region-4,2664,5.671459149871004,0.3487552365782495,24.0,0.8487715330007923,72,True,True
training-event-065,region-5,2095,5.930722743185799,0.593500993140344,0.5,0.4469369252215997,8,True,True
training-event-065,region-5,2095,5.930722743185799,0.593500993140344,2.0,0.4469369252215997,15,True,True
training-event-065,region-5,2095,5.930722743185799,0.593500993140344,8.0,0.4469369252215997,35,True,True
training-event-065,region-5,2095,5.930722743185799,0.593500993140344,24.0,0.4469369252215997,58,True,True
training-event-066,region-0,2506,6.343345251977359,0.5749899519829839,0.5,0.6932054336572904,18,True,True
training-event-066,region-0,2506,6.343345251977359,0.5749899519829839,2.0,0.6932054336572904,38,True,True
training-event-066,region-0,2506,6.343345251977359,0.5749899519829839,8.0,0.6932054336572904,69,True,True
training-event-066,region-0,2506,6.343345251977359,0.5749899519829839,24.0,0.6932054336572904,116,True,True
training-event-066,region-1,1907,7.147354187533126,0.7125639037811752,0.5,0.9265775508060723,14,True,True
training-event-066,region-1,1907,7.147354187533126,0.7125639037811752,2.0,0.9265775508060723,37,True,True
training-event-066,region-1,1907,7.147354187533126,0.7125639037811752,8.0,0.9265775508060723,86,True,True
training-event-066,region-1,1907,7.147354187533126,0.7125639037811752,24.0,0.9265775508060723,162,True,True
training-event-066,region-2,1639,6.802541821139724,0.7526981985312745,0.5,0.4418080814505485,6,True,True
training-event-066,region-2,1639,6.802541821139724,0.7526981985312745,2.0,0.4418080814505485,13,True,True
training-event-066,region-2,1639,6.802541821139724,0.7526981985312745,8.0,0.4418080814505485,30,True,True
training-event-066,region-2,1639,6.802541821139724,0.7526981985312745,24.0,0.4418080814505485,57,True,True
training-event-066,region-3,1600,5.260628537210936,0.3638697430920473,0.5,0.44775883473119327,6,True,True
training-event-066,region-3,1600,5.260628537210936,0.3638697430920473,2.0,0.44775883473119327,10,True,True
training-event-066,region-3,1600,5.260628537210936,0.3638697430920473,8.0,0.44775883473119327,16,True,True
training-event-066,region-3,1600,5.260628537210936,0.3638697430920473,24.0,0.44775883473119327,27,True,True
training-event-066,region-4,2675,5.686809427791773,0.28146267451011125,0.5,0.8973514548578359,4,True,True
training-event-066,region-4,2675,5.686809427791773,0.28146267451011125,2.0,0.8973514548578359,13,True,True
training-event-066,region-4,2675,5.686809427791773,0.28146267451011125,8.0,0.8973514548578359,25,True,True
training-event-066,region-4,2675,5.686809427791773,0.28146267451011125,24.0,0.8973514548578359,51,True,True
training-event-066,region-5,2764,6.0889639161771365,0.45558804398756564,0.5,0.4677516422858974,13,True,True
training-event-066,region-5,2764,6.0889639161771365,0.45558804398756564,2.0,0.4677516422858974,29,True,True
training-event-066,region-5,2764,6.0889639161771365,0.45558804398756564,8.0,0.4677516422858974,52,True,True
training-event-066,region-5,2764,6.0889639161771365,0.45558804398756564,24.0,0.4677516422858974,89,True,True
training-event-067,region-0,3294,6.028969484875885,0.326995475349906,0.5,0.5664840542315738,14,True,True
training-event-067,region-0,3294,6.028969484875885,0.326995475349906,2.0,0.5664840542315738,26,True,True
training-event-067,region-0,3294,6.028969484875885,0.326995475349906,8.0,0.5664840542315738,44,True,True
training-event-067,region-0,3294,6.028969484875885,0.326995475349906,24.0,0.5664840542315738,77,True,True
training-event-067,region-1,246,6.784880937308009,0.4048758807980153,0.5,0.6281961356899266,1,True,True
training-event-067,region-1,246,6.784880937308009,0.4048758807980153,2.0,0.6281961356899266,1,True,True
training-event-067,region-1,246,6.784880937308009,0.4048758807980153,8.0,0.6281961356899266,8,True,True
training-event-067,region-1,246,6.784880937308009,0.4048758807980153,24.0,0.6281961356899266,14,True,True
training-event-067,region-2,1097,6.418253729873226,0.7019667712790815,0.5,0.7372155898343099,6,True,True
training-event-067,region-2,1097,6.418253729873226,0.7019667712790815,2.0,0.7372155898343099,13,True,True
training-event-067,region-2,1097,6.418253729873226,0.7019667712790815,8.0,0.7372155898343099,27,True,True
training-event-067,region-2,1097,6.418253729873226,0.7019667712790815,24.0,0.7372155898343099,58,True,True
training-event-067,region-3,667,7.665824114734603,0.8738672757998407,0.5,0.8797214241357012,10,True,True
training-event-067,region-3,667,7.665824114734603,0.8738672757998407,2.0,0.8797214241357012,24,True,True
training-event-067,region-3,667,7.665824114734603,0.8738672757998407,8.0,0.8797214241357012,64,True,True
training-event-067,region-3,667,7.665824114734603,0.8738672757998407,24.0,0.8797214241357012,131,True,True
training-event-067,region-4,1126,6.791213475113332,0.7693823395144158,0.5,0.4564563811275606,5,True,True
training-event-067,region-4,1126,6.791213475113332,0.7693823395144158,2.0,0.4564563811275606,7,True,True
training-event-067,region-4,1126,6.791213475113332,0.7693823395144158,8.0,0.4564563811275606,12,True,True
training-event-067,region-4,1126,6.791213475113332,0.7693823395144158,24.0,0.4564563811275606,23,True,True
training-event-067,region-5,1190,4.9492772611500895,0.02,0.5,0.6889793829896222,1,True,True
training-event-067,region-5,1190,4.9492772611500895,0.02,2.0,0.6889793829896222,3,True,True
training-event-067,region-5,1190,4.9492772611500895,0.02,8.0,0.6889793829896222,5,True,True
training-event-067,region-5,1190,4.9492772611500895,0.02,24.0,0.6889793829896222,10,True,True
training-event-068,region-0,137,7.880539385781872,0.98,0.5,0.9043865973476586,9,True,True
training-event-068,region-0,137,7.880539385781872,0.98,2.0,0.9043865973476586,12,True,True
training-event-068,region-0,137,7.880539385781872,0.98,8.0,0.9043865973476586,21,True,True
training-event-068,region-0,137,7.880539385781872,0.98,24.0,0.9043865973476586,39,True,True
training-event-068,region-1,556,8.205269122076045,0.5908150034782578,0.5,0.5903020156942438,4,True,True
training-event-068,region-1,556,8.205269122076045,0.5908150034782578,2.0,0.5903020156942438,12,True,True
training-event-068,region-1,556,8.205269122076045,0.5908150034782578,8.0,0.5903020156942438,18,True,True
training-event-068,region-1,556,8.205269122076045,0.5908150034782578,24.0,0.5903020156942438,38,True,True
training-event-068,region-2,2895,7.741517162170779,0.8977452851419451,0.5,0.9005361129790607,74,True,True
training-event-068,region-2,2895,7.741517162170779,0.8977452851419451,2.0,0.9005361129790607,149,True,True
training-event-068,region-2,2895,7.741517162170779,0.8977452851419451,8.0,0.9005361129790607,303,True,True
training-event-068,region-2,2895,7.741517162170779,0.8977452851419451,24.0,0.9005361129790607,512,True,True
training-event-068,region-3,1069,7.065962725592156,0.6129296834717706,0.5,0.8100349141479585,7,True,True
training-event-068,region-3,1069,7.065962725592156,0.6129296834717706,2.0,0.8100349141479585,24,True,True
training-event-068,region-3,1069,7.065962725592156,0.6129296834717706,8.0,0.8100349141479585,52,True,True
training-event-068,region-3,1069,7.065962725592156,0.6129296834717706,24.0,0.8100349141479585,91,True,True
training-event-068,region-4,857,8.199917872644825,0.688578477955075,0.5,0.6883747113058438,12,True,True
training-event-068,region-4,857,8.199917872644825,0.688578477955075,2.0,0.6883747113058438,20,True,True
training-event-068,region-4,857,8.199917872644825,0.688578477955075,8.0,0.6883747113058438,45,True,True
training-event-068,region-4,857,8.199917872644825,0.688578477955075,24.0,0.6883747113058438,95,True,True
training-event-068,region-5,61,7.697827762215973,0.8792633890387548,0.5,0.5549983571834722,0,True,True
training-event-068,region-5,61,7.697827762215973,0.8792633890387548,2.0,0.5549983571834722,0,True,True
training-event-068,region-5,61,7.697827762215973,0.8792633890387548,8.0,0.5549983571834722,1,True,True
training-event-068,region-5,61,7.697827762215973,0.8792633890387548,24.0,0.5549983571834722,1,True,True
training-event-069,region-0,3015,5.6304357536016205,0.19854006693598267,0.5,0.6976490739220331,4,True,True
training-event-069,region-0,3015,5.6304357536016205,0.19854006693598267,2.0,0.6976490739220331,6,True,True
training-event-069,region-0,3015,5.6304357536016205,0.19854006693598267,8.0,0.6976490739220331,19,True,True
training-event-069,region-0,3015,5.6304357536016205,0.19854006693598267,24.0,0.6976490739220331,43,True,True
training-event-069,region-1,2729,6.179972552455169,0.4863356357247456,0.5,0.7088668062688366,10,True,True
training-event-069,region-1,2729,6.179972552455169,0.4863356357247456,2.0,0.7088668062688366,13,True,True
training-event-069,region-1,2729,6.179972552455169,0.4863356357247456,8.0,0.7088668062688366,49,True,True
training-event-069,region-1,2729,6.179972552455169,0.4863356357247456,24.0,0.7088668062688366,79,True,True
training-event-069,region-2,2345,6.268754401461579,0.199814853370682,0.5,0.7401842022343859,7,True,True
training-event-069,region-2,2345,6.268754401461579,0.199814853370682,2.0,0.7401842022343859,20,True,True
training-event-069,region-2,2345,6.268754401461579,0.199814853370682,8.0,0.7401842022343859,28,True,True
training-event-069,region-2,2345,6.268754401461579,0.199814853370682,24.0,0.7401842022343859,55,True,True
training-event-069,region-3,1091,7.269909944484143,0.8776204128074336,0.5,0.48746618477187065,8,True,True
training-event-069,region-3,1091,7.269909944484143,0.8776204128074336,2.0,0.48746618477187065,17,True,True
training-event-069,region-3,1091,7.269909944484143,0.8776204128074336,8.0,0.48746618477187065,28,True,True
training-event-069,region-3,1091,7.269909944484143,0.8776204128074336,24.0,0.48746618477187065,54,True,True
training-event-069,region-4,3023,5.563834043417011,0.3174979356437349,0.5,0.9128356485001127,10,True,True
training-event-069,region-4,3023,5.563834043417011,0.3174979356437349,2.0,0.9128356485001127,20,True,True
training-event-069,region-4,3023,5.563834043417011,0.3174979356437349,8.0,0.9128356485001127,51,True,True
training-event-069,region-4,3023,5.563834043417011,0.3174979356437349,24.0,0.9128356485001127,81,True,True
training-event-069,region-5,2795,6.442291039585545,0.4207783870983405,0.5,0.8587659405370839,7,True,True
training-event-069,region-5,2795,6.442291039585545,0.4207783870983405,2.0,0.8587659405370839,14,True,True
training-event-069,region-5,2795,6.442291039585545,0.4207783870983405,8.0,0.8587659405370839,35,True,True
training-event-069,region-5,2795,6.442291039585545,0.4207783870983405,24.0,0.8587659405370839,60,True,True
training-event-070,region-0,2489,5.368576190914169,0.30694031318711973,0.5,0.7703626798229462,8,True,True
training-event-070,region-0,2489,5.368576190914169,0.30694031318711973,2.0,0.7703626798229462,14,True,True
training-event-070,region-0,2489,5.368576190914169,0.30694031318711973,8.0,0.7703626798229462,36,True,True
training-event-070,region-0,2489,5.368576190914169,0.30694031318711973,24.0,0.7703626798229462,62,True,True
training-event-070,region-1,854,5.843588348083941,0.38917218856377594,0.5,0.5765053166616776,2,True,True
training-event-070,region-1,854,5.843588348083941,0.38917218856377594,2.0,0.5765053166616776,2,True,True
training-event-070,region-1,854,5.843588348083941,0.38917218856377594,8.0,0.5765053166616776,3,True,True
training-event-070,region-1,854,5.843588348083941,0.38917218856377594,24.0,0.5765053166616776,6,True,True
training-event-070,region-2,324,5.08621199978383,0.13679428518773235,0.5,0.5689107151528956,0,True,True
training-event-070,region-2,324,5.08621199978383,0.13679428518773235,2.0,0.5689107151528956,0,True,True
training-event-070,region-2,324,5.08621199978383,0.13679428518773235,8.0,0.5689107151528956,2,True,True
training-event-070,region-2,324,5.08621199978383,0.13679428518773235,24.0,0.5689107151528956,3,True,True
training-event-070,region-3,2267,5.961667467072187,0.5254113653942062,0.5,0.501746099732598,8,True,True
training-event-070,region-3,2267,5.961667467072187,0.5254113653942062,2.0,0.501746099732598,20,True,True
training-event-070,region-3,2267,5.961667467072187,0.5254113653942062,8.0,0.501746099732598,38,True,True
training-event-070,region-3,2267,5.961667467072187,0.5254113653942062,24.0,0.501746099732598,82,True,True
training-event-070,region-4,362,4.280749739875672,0.09496462694793678,0.5,0.5941711131161633,1,True,True
training-event-070,region-4,362,4.280749739875672,0.09496462694793678,2.0,0.5941711131161633,1,True,True
training-event-070,region-4,362,4.280749739875672,0.09496462694793678,8.0,0.5941711131161633,3,True,True
training-event-070,region-4,362,4.280749739875672,0.09496462694793678,24.0,0.5941711131161633,3,True,True
training-event-070,region-5,2166,6.851857442779233,0.6444684732538885,0.5,0.4004169781537443,15,True,True
training-event-070,region-5,2166,6.851857442779233,0.6444684732538885,2.0,0.4004169781537443,33,True,True
training-event-070,region-5,2166,6.851857442779233,0.6444684732538885,8.0,0.4004169781537443,61,True,True
training-event-070,region-5,2166,6.851857442779233,0.6444684732538885,24.0,0.4004169781537443,117,True,True
training-event-071,region-0,1720,6.023527891718714,0.23035940245042638,0.5,0.6433601817664778,7,True,True
training-event-071,region-0,1720,6.023527891718714,0.23035940245042638,2.0,0.6433601817664778,19,True,True
training-event-071,region-0,1720,6.023527891718714,0.23035940245042638,8.0,0.6433601817664778,33,True,True
training-event-071,region-0,1720,6.023527891718714,0.23035940245042638,24.0,0.6433601817664778,74,True,True
training-event-071,region-1,1437,7.094687406929078,0.9546074452967332,0.5,0.43660040266892564,7,True,True
training-event-071,region-1,1437,7.094687406929078,0.9546074452967332,2.0,0.43660040266892564,10,True,True
training-event-071,region-1,1437,7.094687406929078,0.9546074452967332,8.0,0.43660040266892564,25,True,True
training-event-071,region-1,1437,7.094687406929078,0.9546074452967332,24.0,0.43660040266892564,51,True,True
training-event-071,region-2,1503,6.532036604982096,0.4089921412933808,0.5,0.8679581130442524,21,True,True
training-event-071,region-2,1503,6.532036604982096,0.4089921412933808,2.0,0.8679581130442524,40,True,True
training-event-071,region-2,1503,6.532036604982096,0.4089921412933808,8.0,0.8679581130442524,70,True,True
training-event-071,region-2,1503,6.532036604982096,0.4089921412933808,24.0,0.8679581130442524,119,True,True
training-event-071,region-3,2628,6.241813730548543,0.4977624445053318,0.5,0.8677465802126199,10,True,True
training-event-071,region-3,2628,6.241813730548543,0.4977624445053318,2.0,0.8677465802126199,30,True,True
training-event-071,region-3,2628,6.241813730548543,0.4977624445053318,8.0,0.8677465802126199,63,True,True
training-event-071,region-3,2628,6.241813730548543,0.4977624445053318,24.0,0.8677465802126199,113,True,True
training-event-071,region-4,1849,6.661614677073934,0.2799824823996353,0.5,0.8098191521447298,7,True,True
training-event-071,region-4,1849,6.661614677073934,0.2799824823996353,2.0,0.8098191521447298,15,True,True
training-event-071,region-4,1849,6.661614677073934,0.2799824823996353,8.0,0.8098191521447298,29,True,True
training-event-071,region-4,1849,6.661614677073934,0.2799824823996353,24.0,0.8098191521447298,55,True,True
training-event-071,region-5,1705,5.620077146720171,0.29077935912076264,0.5,0.47850641313576703,7,True,True
training-event-071,region-5,1705,5.620077146720171,0.29077935912076264,2.0,0.47850641313576703,10,True,True
training-event-071,region-5,1705,5.620077146720171,0.29077935912076264,8.0,0.47850641313576703,14,True,True
training-event-071,region-5,1705,5.620077146720171,0.29077935912076264,24.0,0.47850641313576703,30,True,True
training-event-072,region-0,1481,6.033240435563821,0.2073938551088416,0.5,0.5873174620128997,4,True,True
training-event-072,region-0,1481,6.033240435563821,0.2073938551088416,2.0,0.5873174620128997,9,True,True
training-event-072,region-0,1481,6.033240435563821,0.2073938551088416,8.0,0.5873174620128997,17,True,True
training-event-072,region-0,1481,6.033240435563821,0.2073938551088416,24.0,0.5873174620128997,30,True,True
training-event-072,region-1,2898,6.223268521368341,0.47563829206950936,0.5,0.8864482524605848,28,True,True
training-event-072,region-1,2898,6.223268521368341,0.47563829206950936,2.0,0.8864482524605848,50,True,True
training-event-072,region-1,2898,6.223268521368341,0.47563829206950936,8.0,0.8864482524605848,104,True,True
training-event-072,region-1,2898,6.223268521368341,0.47563829206950936,24.0,0.8864482524605848,190,True,True
training-event-072,region-2,947,6.35024251060463,0.7575817644277625,0.5,0.9464940324671891,12,True,True
training-event-072,region-2,947,6.35024251060463,0.7575817644277625,2.0,0.9464940324671891,37,True,True
training-event-072,region-2,947,6.35024251060463,0.7575817644277625,8.0,0.9464940324671891,69,True,True
training-event-072,region-2,947,6.35024251060463,0.7575817644277625,24.0,0.9464940324671891,133,True,True
training-event-072,region-3,2460,5.361450453962019,0.05376890599296705,0.5,0.8772772231614689,10,True,True
training-event-072,region-3,2460,5.361450453962019,0.05376890599296705,2.0,0.8772772231614689,19,True,True
training-event-072,region-3,2460,5.361450453962019,0.05376890599296705,8.0,0.8772772231614689,33,True,True
training-event-072,region-3,2460,5.361450453962019,0.05376890599296705,24.0,0.8772772231614689,57,True,True
training-event-072,region-4,1598,5.245775657072273,0.2608624578730805,0.5,0.4519845556987684,2,True,True
training-event-072,region-4,1598,5.245775657072273,0.2608624578730805,2.0,0.4519845556987684,3,True,True
training-event-072,region-4,1598,5.245775657072273,0.2608624578730805,8.0,0.4519845556987684,9,True,True
training-event-072,region-4,1598,5.245775657072273,0.2608624578730805,24.0,0.4519845556987684,20,True,True
training-event-072,region-5,2059,5.189054094599442,0.05262990363095116,0.5,0.5386141030352465,3,True,True
training-event-072,region-5,2059,5.189054094599442,0.05262990363095116,2.0,0.5386141030352465,4,True,True
training-event-072,region-5,2059,5.189054094599442,0.05262990363095116,8.0,0.5386141030352465,11,True,True
training-event-072,region-5,2059,5.189054094599442,0.05262990363095116,24.0,0.5386141030352465,18,True,True
training-event-073,region-0,1689,7.888085769324631,0.7746452390343095,0.5,0.6175297083428315,21,True,True
training-event-073,region-0,1689,7.888085769324631,0.7746452390343095,2.0,0.6175297083428315,35,True,True
training-event-073,region-0,1689,7.888085769324631,0.7746452390343095,8.0,0.6175297083428315,86,True,True
training-event-073,region-0,1689,7.888085769324631,0.7746452390343095,24.0,0.6175297083428315,162,True,True
training-event-073,region-1,2004,8.091908097206243,0.6148571872653583,0.5,0.6175372804505295,23,True,True
training-event-073,region-1,2004,8.091908097206243,0.6148571872653583,2.0,0.6175372804505295,38,True,True
training-event-073,region-1,2004,8.091908097206243,0.6148571872653583,8.0,0.6175372804505295,92,True,True
training-event-073,region-1,2004,8.091908097206243,0.6148571872653583,24.0,0.6175372804505295,143,True,True
training-event-073,region-2,2259,8.241538626240628,0.6614151219419183,0.5,0.49463201949903257,20,True,True
training-event-073,region-2,2259,8.241538626240628,0.6614151219419183,2.0,0.49463201949903257,56,True,True
training-event-073,region-2,2259,8.241538626240628,0.6614151219419183,8.0,0.49463201949903257,110,True,True
training-event-073,region-2,2259,8.241538626240628,0.6614151219419183,24.0,0.49463201949903257,204,True,True
training-event-073,region-3,2354,7.635723688373851,0.7368842587507395,0.5,0.6892608314077164,17,True,True
training-event-073,region-3,2354,7.635723688373851,0.7368842587507395,2.0,0.6892608314077164,33,True,True
training-event-073,region-3,2354,7.635723688373851,0.7368842587507395,8.0,0.6892608314077164,76,True,True
training-event-073,region-3,2354,7.635723688373851,0.7368842587507395,24.0,0.6892608314077164,151,True,True
training-event-073,region-4,177,6.69449625771709,0.5504346651622358,0.5,0.9783759718019007,8,True,True
training-event-073,region-4,177,6.69449625771709,0.5504346651622358,2.0,0.9783759718019007,12,True,True
training-event-073,region-4,177,6.69449625771709,0.5504346651622358,8.0,0.9783759718019007,15,True,True
training-event-073,region-4,177,6.69449625771709,0.5504346651622358,24.0,0.9783759718019007,19,True,True
training-event-073,region-5,3032,7.391041754975063,0.7716406740639246,0.5,0.4644676100526994,22,True,True
training-event-073,region-5,3032,7.391041754975063,0.7716406740639246,2.0,0.4644676100526994,44,True,True
training-event-073,region-5,3032,7.391041754975063,0.7716406740639246,8.0,0.4644676100526994,87,True,True
training-event-073,region-5,3032,7.391041754975063,0.7716406740639246,24.0,0.4644676100526994,145,True,True
training-event-074,region-0,2276,4.581159347232284,0.05426836346349463,0.5,0.7205390077852734,3,True,True
training-event-074,region-0,2276,4.581159347232284,0.05426836346349463,2.0,0.7205390077852734,10,True,True
training-event-074,region-0,2276,4.581159347232284,0.05426836346349463,8.0,0.7205390077852734,18,True,True
training-event-074,region-0,2276,4.581159347232284,0.05426836346349463,24.0,0.7205390077852734,27,True,True
training-event-074,region-1,476,4.568175445569526,0.02,0.5,0.9115946665831608,2,True,True
training-event-074,region-1,476,4.568175445569526,0.02,2.0,0.9115946665831608,3,True,True
training-event-074,region-1,476,4.568175445569526,0.02,8.0,0.9115946665831608,6,True,True
training-event-074,region-1,476,4.568175445569526,0.02,24.0,0.9115946665831608,8,True,True
training-event-074,region-2,1085,4.283191630085958,0.2007418903330847,0.5,0.8453626299887994,0,True,True
training-event-074,region-2,1085,4.283191630085958,0.2007418903330847,2.0,0.8453626299887994,1,True,True
training-event-074,region-2,1085,4.283191630085958,0.2007418903330847,8.0,0.8453626299887994,2,True,True
training-event-074,region-2,1085,4.283191630085958,0.2007418903330847,24.0,0.8453626299887994,9,True,True
training-event-074,region-3,3167,5.070720327507703,0.300185728566293,0.5,0.4686503489255288,10,True,True
training-event-074,region-3,3167,5.070720327507703,0.300185728566293,2.0,0.4686503489255288,22,True,True
training-event-074,region-3,3167,5.070720327507703,0.300185728566293,8.0,0.4686503489255288,40,True,True
training-event-074,region-3,3167,5.070720327507703,0.300185728566293,24.0,0.4686503489255288,74,True,True
training-event-074,region-4,1006,5.229087370264554,0.4624694619015813,0.5,0.6141515291455503,0,True,True
training-event-074,region-4,1006,5.229087370264554,0.4624694619015813,2.0,0.6141515291455503,0,True,True
training-event-074,region-4,1006,5.229087370264554,0.4624694619015813,8.0,0.6141515291455503,0,True,True
training-event-074,region-4,1006,5.229087370264554,0.4624694619015813,24.0,0.6141515291455503,2,True,True
training-event-074,region-5,1608,4.79972926602219,0.2175386528322093,0.5,0.5435438199370967,0,True,True
training-event-074,region-5,1608,4.79972926602219,0.2175386528322093,2.0,0.5435438199370967,0,True,True
training-event-074,region-5,1608,4.79972926602219,0.2175386528322093,8.0,0.5435438199370967,1,True,True
training-event-074,region-5,1608,4.79972926602219,0.2175386528322093,24.0,0.5435438199370967,6,True,True
training-event-075,region-0,1998,6.342228357017734,0.3846377366891236,0.5,0.5233838022808952,11,True,True
training-event-075,region-0,1998,6.342228357017734,0.3846377366891236,2.0,0.5233838022808952,21,True,True
training-event-075,region-0,1998,6.342228357017734,0.3846377366891236,8.0,0.5233838022808952,43,True,True
training-event-075,region-0,1998,6.342228357017734,0.3846377366891236,24.0,0.5233838022808952,81,True,True
training-event-075,region-1,2534,8.232359073254866,0.98,0.5,0.4955310798963251,37,True,True
training-event-075,region-1,2534,8.232359073254866,0.98,2.0,0.4955310798963251,77,True,True
training-event-075,region-1,2534,8.232359073254866,0.98,8.0,0.4955310798963251,156,True,True
training-event-075,region-1,2534,8.232359073254866,0.98,24.0,0.4955310798963251,275,True,True
training-event-075,region-2,2734,6.143567448025122,0.4437434102037912,0.5,0.5588940068524194,9,True,True
training-event-075,region-2,2734,6.143567448025122,0.4437434102037912,2.0,0.5588940068524194,21,True,True
training-event-075,region-2,2734,6.143567448025122,0.4437434102037912,8.0,0.5588940068524194,35,True,True
training-event-075,region-2,2734,6.143567448025122,0.4437434102037912,24.0,0.5588940068524194,74,True,True
training-event-075,region-3,1935,6.411466352975074,0.6094138048879846,0.5,0.809001572292978,13,True,True
training-event-075,region-3,1935,6.411466352975074,0.6094138048879846,2.0,0.809001572292978,29,True,True
training-event-075,region-3,1935,6.411466352975074,0.6094138048879846,8.0,0.809001572292978,66,True,True
training-event-075,region-3,1935,6.411466352975074,0.6094138048879846,24.0,0.809001572292978,124,True,True
training-event-075,region-4,2961,7.001405801027692,0.5928814307418435,0.5,0.4154538979184622,28,True,True
training-event-075,region-4,2961,7.001405801027692,0.5928814307418435,2.0,0.4154538979184622,49,True,True
training-event-075,region-4,2961,7.001405801027692,0.5928814307418435,8.0,0.4154538979184622,92,True,True
training-event-075,region-4,2961,7.001405801027692,0.5928814307418435,24.0,0.4154538979184622,163,True,True
training-event-075,region-5,1283,6.342010198301312,0.3356080080064339,0.5,0.7498430282626822,9,True,True
training-event-075,region-5,1283,6.342010198301312,0.3356080080064339,2.0,0.7498430282626822,16,True,True
training-event-075,region-5,1283,6.342010198301312,0.3356080080064339,8.0,0.7498430282626822,29,True,True
training-event-075,region-5,1283,6.342010198301312,0.3356080080064339,24.0,0.7498430282626822,49,True,True
training-event-076,region-0,1954,6.501514325089074,0.5653092060688004,0.5,0.5199394143458599,18,True,True
training-event-076,region-0,1954,6.501514325089074,0.5653092060688004,2.0,0.5199394143458599,29,True,True
training-event-076,region-0,1954,6.501514325089074,0.5653092060688004,8.0,0.5199394143458599,51,True,True
training-event-076,region-0,1954,6.501514325089074,0.5653092060688004,24.0,0.5199394143458599,95,True,True
training-event-076,region-1,1525,8.375271817190919,0.8510871153715963,0.5,0.8688052009064704,27,True,True
training-event-076,region-1,1525,8.375271817190919,0.8510871153715963,2.0,0.8688052009064704,58,True,True
training-event-076,region-1,1525,8.375271817190919,0.8510871153715963,8.0,0.8688052009064704,130,True,True
training-event-076,region-1,1525,8.375271817190919,0.8510871153715963,24.0,0.8688052009064704,282,True,True
training-event-076,region-2,1833,6.438032937538541,0.34035492177850246,0.5,0.6006322657845484,9,True,True
training-event-076,region-2,1833,6.438032937538541,0.34035492177850246,2.0,0.6006322657845484,16,True,True
training-event-076,region-2,1833,6.438032937538541,0.34035492177850246,8.0,0.6006322657845484,29,True,True
training-event-076,region-2,1833,6.438032937538541,0.34035492177850246,24.0,0.6006322657845484,62,True,True
training-event-076,region-3,1969,7.686452278103565,0.7686898196219389,0.5,0.4178591732485243,11,True,True
training-event-076,region-3,1969,7.686452278103565,0.7686898196219389,2.0,0.4178591732485243,21,True,True
training-event-076,region-3,1969,7.686452278103565,0.7686898196219389,8.0,0.4178591732485243,41,True,True
training-event-076,region-3,1969,7.686452278103565,0.7686898196219389,24.0,0.4178591732485243,79,True,True
training-event-076,region-4,1518,7.300174901737362,0.7227952528586454,0.5,0.8474295133591059,14,True,True
training-event-076,region-4,1518,7.300174901737362,0.7227952528586454,2.0,0.8474295133591059,30,True,True
training-event-076,region-4,1518,7.300174901737362,0.7227952528586454,8.0,0.8474295133591059,64,True,True
training-event-076,region-4,1518,7.300174901737362,0.7227952528586454,24.0,0.8474295133591059,114,True,True
training-event-076,region-5,85,6.567991022821062,0.5945283051678203,0.5,0.7225748587703815,0,True,True
training-event-076,region-5,85,6.567991022821062,0.5945283051678203,2.0,0.7225748587703815,0,True,True
training-event-076,region-5,85,6.567991022821062,0.5945283051678203,8.0,0.7225748587703815,2,True,True
training-event-076,region-5,85,6.567991022821062,0.5945283051678203,24.0,0.7225748587703815,6,True,True
training-event-077,region-0,1283,5.625148953637717,0.34738327582322354,0.5,0.5726883794350643,3,True,True
training-event-077,region-0,1283,5.625148953637717,0.34738327582322354,2.0,0.5726883794350643,8,True,True
training-event-077,region-0,1283,5.625148953637717,0.34738327582322354,8.0,0.5726883794350643,14,True,True
training-event-077,region-0,1283,5.625148953637717,0.34738327582322354,24.0,0.5726883794350643,33,True,True
training-event-077,region-1,3078,6.419661577799104,0.43317638363518757,0.5,0.5237265020266602,10,True,True
training-event-077,region-1,3078,6.419661577799104,0.43317638363518757,2.0,0.5237265020266602,23,True,True
training-event-077,region-1,3078,6.419661577799104,0.43317638363518757,8.0,0.5237265020266602,57,True,True
training-event-077,region-1,3078,6.419661577799104,0.43317638363518757,24.0,0.5237265020266602,96,True,True
training-event-077,region-2,1434,6.971223364664907,0.6515969066980928,0.5,0.8262612836962222,23,True,True
training-event-077,region-2,1434,6.971223364664907,0.6515969066980928,2.0,0.8262612836962222,54,True,True
training-event-077,region-2,1434,6.971223364664907,0.6515969066980928,8.0,0.8262612836962222,99,True,True
training-event-077,region-2,1434,6.971223364664907,0.6515969066980928,24.0,0.8262612836962222,171,True,True
training-event-077,region-3,706,5.752163295898972,0.29151882833480597,0.5,0.8303107224285673,5,True,True
training-event-077,region-3,706,5.752163295898972,0.29151882833480597,2.0,0.8303107224285673,7,True,True
training-event-077,region-3,706,5.752163295898972,0.29151882833480597,8.0,0.8303107224285673,15,True,True
training-event-077,region-3,706,5.752163295898972,0.29151882833480597,24.0,0.8303107224285673,30,True,True
training-event-077,region-4,1243,5.423762368517107,0.07697550069726206,0.5,0.6232694063859503,1,True,True
training-event-077,region-4,1243,5.423762368517107,0.07697550069726206,2.0,0.6232694063859503,1,True,True
training-event-077,region-4,1243,5.423762368517107,0.07697550069726206,8.0,0.6232694063859503,3,True,True
training-event-077,region-4,1243,5.423762368517107,0.07697550069726206,24.0,0.6232694063859503,6,True,True
training-event-077,region-5,1587,6.61105176342013,0.47867538475534627,0.5,0.7049391962365701,4,True,True
training-event-077,region-5,1587,6.61105176342013,0.47867538475534627,2.0,0.7049391962365701,13,True,True
training-event-077,region-5,1587,6.61105176342013,0.47867538475534627,8.0,0.7049391962365701,27,True,True
training-event-077,region-5,1587,6.61105176342013,0.47867538475534627,24.0,0.7049391962365701,47,True,True
training-event-078,region-0,1838,8.713948354442199,0.98,0.5,0.5843300836980034,32,True,True
training-event-078,region-0,1838,8.713948354442199,0.98,2.0,0.5843300836980034,79,True,True
training-event-078,region-0,1838,8.713948354442199,0.98,8.0,0.5843300836980034,177,True,True
training-event-078,region-0,1838,8.713948354442199,0.98,24.0,0.5843300836980034,334,True,True
training-event-078,region-1,2154,8.643013972870126,0.98,0.5,0.5320781766844328,52,True,True
training-event-078,region-1,2154,8.643013972870126,0.98,2.0,0.5320781766844328,99,True,True
training-event-078,region-1,2154,8.643013972870126,0.98,8.0,0.5320781766844328,190,True,True
training-event-078,region-1,2154,8.643013972870126,0.98,24.0,0.5320781766844328,355,True,True
training-event-078,region-2,1418,8.096352235076541,0.9787806403038718,0.5,0.7179342438967597,29,True,True
training-event-078,region-2,1418,8.096352235076541,0.9787806403038718,2.0,0.7179342438967597,51,True,True
training-event-078,region-2,1418,8.096352235076541,0.9787806403038718,8.0,0.7179342438967597,118,True,True
training-event-078,region-2,1418,8.096352235076541,0.9787806403038718,24.0,0.7179342438967597,206,True,True
training-event-078,region-3,1552,7.847589039082566,0.8276422055273613,0.5,0.49333802165269414,12,True,True
training-event-078,region-3,1552,7.847589039082566,0.8276422055273613,2.0,0.49333802165269414,23,True,True
training-event-078,region-3,1552,7.847589039082566,0.8276422055273613,8.0,0.49333802165269414,38,True,True
training-event-078,region-3,1552,7.847589039082566,0.8276422055273613,24.0,0.49333802165269414,68,True,True
training-event-078,region-4,3331,8.034070672592671,0.6338090657321106,0.5,0.434997351749037,18,True,True
training-event-078,region-4,3331,8.034070672592671,0.6338090657321106,2.0,0.434997351749037,39,True,True
training-event-078,region-4,3331,8.034070672592671,0.6338090657321106,8.0,0.434997351749037,81,True,True
training-event-078,region-4,3331,8.034070672592671,0.6338090657321106,24.0,0.434997351749037,164,True,True
training-event-078,region-5,3005,8.285236556521072,0.6999425961700667,0.5,0.8019755823811354,43,True,True
training-event-078,region-5,3005,8.285236556521072,0.6999425961700667,2.0,0.8019755823811354,84,True,True
training-event-078,region-5,3005,8.285236556521072,0.6999425961700667,8.0,0.8019755823811354,184,True,True
training-event-078,region-5,3005,8.285236556521072,0.6999425961700667,24.0,0.8019755823811354,305,True,True
training-event-079,region-0,2572,7.479228626128568,0.5210955814139351,0.5,0.6997929495022548,21,True,True
training-event-079,region-0,2572,7.479228626128568,0.5210955814139351,2.0,0.6997929495022548,55,True,True
training-event-079,region-0,2572,7.479228626128568,0.5210955814139351,8.0,0.6997929495022548,105,True,True
training-event-079,region-0,2572,7.479228626128568,0.5210955814139351,24.0,0.6997929495022548,176,True,True
training-event-079,region-1,3103,6.555125171619729,0.30088738748822036,0.5,0.8033230945223955,22,True,True
training-event-079,region-1,3103,6.555125171619729,0.30088738748822036,2.0,0.8033230945223955,45,True,True
training-event-079,region-1,3103,6.555125171619729,0.30088738748822036,8.0,0.8033230945223955,94,True,True
training-event-079,region-1,3103,6.555125171619729,0.30088738748822036,24.0,0.8033230945223955,150,True,True
training-event-079,region-2,3460,6.344989594322865,0.8891649946683448,0.5,0.43202518801443174,21,True,True
training-event-079,region-2,3460,6.344989594322865,0.8891649946683448,2.0,0.43202518801443174,50,True,True
training-event-079,region-2,3460,6.344989594322865,0.8891649946683448,8.0,0.43202518801443174,106,True,True
training-event-079,region-2,3460,6.344989594322865,0.8891649946683448,24.0,0.43202518801443174,167,True,True
training-event-079,region-3,2371,6.064673322031268,0.37694243472901745,0.5,0.6474274990314723,2,True,True
training-event-079,region-3,2371,6.064673322031268,0.37694243472901745,2.0,0.6474274990314723,7,True,True
training-event-079,region-3,2371,6.064673322031268,0.37694243472901745,8.0,0.6474274990314723,15,True,True
training-event-079,region-3,2371,6.064673322031268,0.37694243472901745,24.0,0.6474274990314723,23,True,True
training-event-079,region-4,2043,7.988676255003696,0.9028014471139478,0.5,0.42415211570249584,20,True,True
training-event-079,region-4,2043,7.988676255003696,0.9028014471139478,2.0,0.42415211570249584,37,True,True
training-event-079,region-4,2043,7.988676255003696,0.9028014471139478,8.0,0.42415211570249584,84,True,True
training-event-079,region-4,2043,7.988676255003696,0.9028014471139478,24.0,0.42415211570249584,157,True,True
training-event-079,region-5,2409,6.458401720572396,0.5103026518495429,0.5,0.5738261148221032,19,True,True
training-event-079,region-5,2409,6.458401720572396,0.5103026518495429,2.0,0.5738261148221032,34,True,True
training-event-079,region-5,2409,6.458401720572396,0.5103026518495429,8.0,0.5738261148221032,77,True,True
training-event-079,region-5,2409,6.458401720572396,0.5103026518495429,24.0,0.5738261148221032,140,True,True
training-event-080,region-0,361,6.477099748307271,0.3468368528778981,0.5,0.4151277159922457,0,True,True
training-event-080,region-0,361,6.477099748307271,0.3468368528778981,2.0,0.4151277159922457,2,True,True
training-event-080,region-0,361,6.477099748307271,0.3468368528778981,8.0,0.4151277159922457,4,True,True
training-event-080,region-0,361,6.477099748307271,0.3468368528778981,24.0,0.4151277159922457,6,True,True
training-event-080,region-1,1786,7.264096212642745,0.6996604603145178,0.5,0.8298908015844902,21,True,True
training-event-080,region-1,1786,7.264096212642745,0.6996604603145178,2.0,0.8298908015844902,40,True,True
training-event-080,region-1,1786,7.264096212642745,0.6996604603145178,8.0,0.8298908015844902,78,True,True
training-event-080,region-1,1786,7.264096212642745,0.6996604603145178,24.0,0.8298908015844902,149,True,True
training-event-080,region-2,1010,6.862698988051465,0.5121330112054502,0.5,0.987767324049365,8,True,True
training-event-080,region-2,1010,6.862698988051465,0.5121330112054502,2.0,0.987767324049365,14,True,True
training-event-080,region-2,1010,6.862698988051465,0.5121330112054502,8.0,0.987767324049365,30,True,True
training-event-080,region-2,1010,6.862698988051465,0.5121330112054502,24.0,0.987767324049365,48,True,True
training-event-080,region-3,2734,6.591889504418005,0.40559053996442973,0.5,0.6173459417770244,18,True,True
training-event-080,region-3,2734,6.591889504418005,0.40559053996442973,2.0,0.6173459417770244,32,True,True
training-event-080,region-3,2734,6.591889504418005,0.40559053996442973,8.0,0.6173459417770244,54,True,True
training-event-080,region-3,2734,6.591889504418005,0.40559053996442973,24.0,0.6173459417770244,100,True,True
training-event-080,region-4,1770,6.0621223547193885,0.6169379629022154,0.5,0.9415355388040499,23,True,True
training-event-080,region-4,1770,6.0621223547193885,0.6169379629022154,2.0,0.9415355388040499,43,True,True
training-event-080,region-4,1770,6.0621223547193885,0.6169379629022154,8.0,0.9415355388040499,85,True,True
training-event-080,region-4,1770,6.0621223547193885,0.6169379629022154,24.0,0.9415355388040499,156,True,True
training-event-080,region-5,1418,8.09122070133646,0.98,0.5,0.492788370705737,9,True,True
training-event-080,region-5,1418,8.09122070133646,0.98,2.0,0.492788370705737,24,True,True
training-event-080,region-5,1418,8.09122070133646,0.98,8.0,0.492788370705737,55,True,True
training-event-080,region-5,1418,8.09122070133646,0.98,24.0,0.492788370705737,99,True,True
training-event-081,region-0,385,4.754509177060368,0.17259548046081552,0.5,0.8551942443407439,0,True,True
training-event-081,region-0,385,4.754509177060368,0.17259548046081552,2.0,0.8551942443407439,1,True,True
training-event-081,region-0,385,4.754509177060368,0.17259548046081552,8.0,0.8551942443407439,2,True,True
training-event-081,region-0,385,4.754509177060368,0.17259548046081552,24.0,0.8551942443407439,4,True,True
training-event-081,region-1,1743,4.861820635088049,0.02,0.5,0.8361196129418403,8,True,True
training-event-081,region-1,1743,4.861820635088049,0.02,2.0,0.8361196129418403,15,True,True
training-event-081,region-1,1743,4.861820635088049,0.02,8.0,0.8361196129418403,31,True,True
training-event-081,region-1,1743,4.861820635088049,0.02,24.0,0.8361196129418403,50,True,True
training-event-081,region-2,321,4.0,0.06912672264283215,0.5,0.7140546691675261,0,True,True
training-event-081,region-2,321,4.0,0.06912672264283215,2.0,0.7140546691675261,0,True,True
training-event-081,region-2,321,4.0,0.06912672264283215,8.0,0.7140546691675261,2,True,True
training-event-081,region-2,321,4.0,0.06912672264283215,24.0,0.7140546691675261,3,True,True
training-event-081,region-3,460,5.146835780940853,0.33321785079248595,0.5,0.779369243220412,0,True,True
training-event-081,region-3,460,5.146835780940853,0.33321785079248595,2.0,0.779369243220412,1,True,True
training-event-081,region-3,460,5.146835780940853,0.33321785079248595,8.0,0.779369243220412,5,True,True
training-event-081,region-3,460,5.146835780940853,0.33321785079248595,24.0,0.779369243220412,10,True,True
training-event-081,region-4,226,5.606249201228879,0.3768443577756867,0.5,0.5293035805548159,1,True,True
training-event-081,region-4,226,5.606249201228879,0.3768443577756867,2.0,0.5293035805548159,2,True,True
training-event-081,region-4,226,5.606249201228879,0.3768443577756867,8.0,0.5293035805548159,3,True,True
training-event-081,region-4,226,5.606249201228879,0.3768443577756867,24.0,0.5293035805548159,6,True,True
training-event-081,region-5,831,4.984888250062597,0.31885782798348394,0.5,0.6716475763725711,3,True,True
training-event-081,region-5,831,4.984888250062597,0.31885782798348394,2.0,0.6716475763725711,4,True,True
training-event-081,region-5,831,4.984888250062597,0.31885782798348394,8.0,0.6716475763725711,15,True,True
training-event-081,region-5,831,4.984888250062597,0.31885782798348394,24.0,0.6716475763725711,28,True,True
training-event-082,region-0,1157,7.482960631842516,0.98,0.5,0.7324918241857585,17,True,True
training-event-082,region-0,1157,7.482960631842516,0.98,2.0,0.7324918241857585,37,True,True
training-event-082,region-0,1157,7.482960631842516,0.98,8.0,0.7324918241857585,78,True,True
training-event-082,region-0,1157,7.482960631842516,0.98,24.0,0.7324918241857585,128,True,True
training-event-082,region-1,612,7.738928389842279,0.9321753176710267,0.5,0.8906889989650173,16,True,True
training-event-082,region-1,612,7.738928389842279,0.9321753176710267,2.0,0.8906889989650173,37,True,True
training-event-082,region-1,612,7.738928389842279,0.9321753176710267,8.0,0.8906889989650173,66,True,True
training-event-082,region-1,612,7.738928389842279,0.9321753176710267,24.0,0.8906889989650173,119,True,True
training-event-082,region-2,1688,7.723803622906073,0.6569124105738421,0.5,0.4352727237290131,15,True,True
training-event-082,region-2,1688,7.723803622906073,0.6569124105738421,2.0,0.4352727237290131,47,True,True
training-event-082,region-2,1688,7.723803622906073,0.6569124105738421,8.0,0.4352727237290131,97,True,True
training-event-082,region-2,1688,7.723803622906073,0.6569124105738421,24.0,0.4352727237290131,163,True,True
training-event-082,region-3,2980,7.791715276387279,0.5687696488299164,0.5,0.9700756098024906,55,True,True
training-event-082,region-3,2980,7.791715276387279,0.5687696488299164,2.0,0.9700756098024906,91,True,True
training-event-082,region-3,2980,7.791715276387279,0.5687696488299164,8.0,0.9700756098024906,182,True,True
training-event-082,region-3,2980,7.791715276387279,0.5687696488299164,24.0,0.9700756098024906,341,True,True
training-event-082,region-4,3407,7.214327763550515,0.93868224420702,0.5,0.5642160248474106,39,True,True
training-event-082,region-4,3407,7.214327763550515,0.93868224420702,2.0,0.5642160248474106,90,True,True
training-event-082,region-4,3407,7.214327763550515,0.93868224420702,8.0,0.5642160248474106,192,True,True
training-event-082,region-4,3407,7.214327763550515,0.93868224420702,24.0,0.5642160248474106,341,True,True
training-event-082,region-5,1228,6.684359436073036,0.539897917125141,0.5,0.734481126960187,8,True,True
training-event-082,region-5,1228,6.684359436073036,0.539897917125141,2.0,0.734481126960187,10,True,True
training-event-082,region-5,1228,6.684359436073036,0.539897917125141,8.0,0.734481126960187,18,True,True
training-event-082,region-5,1228,6.684359436073036,0.539897917125141,24.0,0.734481126960187,34,True,True
training-event-083,region-0,3140,5.998727227942844,0.7306887693569237,0.5,0.5799648390332882,12,True,True
training-event-083,region-0,3140,5.998727227942844,0.7306887693569237,2.0,0.5799648390332882,29,True,True
training-event-083,region-0,3140,5.998727227942844,0.7306887693569237,8.0,0.5799648390332882,49,True,True
training-event-083,region-0,3140,5.998727227942844,0.7306887693569237,24.0,0.5799648390332882,97,True,True
training-event-083,region-1,932,5.305753400927968,0.25628515197139945,0.5,0.6461549077211377,7,True,True
training-event-083,region-1,932,5.305753400927968,0.25628515197139945,2.0,0.6461549077211377,10,True,True
training-event-083,region-1,932,5.305753400927968,0.25628515197139945,8.0,0.6461549077211377,26,True,True
training-event-083,region-1,932,5.305753400927968,0.25628515197139945,24.0,0.6461549077211377,50,True,True
training-event-083,region-2,1392,4.971464935736422,0.21599848900312973,0.5,0.7882337632655882,4,True,True
training-event-083,region-2,1392,4.971464935736422,0.21599848900312973,2.0,0.7882337632655882,9,True,True
training-event-083,region-2,1392,4.971464935736422,0.21599848900312973,8.0,0.7882337632655882,17,True,True
training-event-083,region-2,1392,4.971464935736422,0.21599848900312973,24.0,0.7882337632655882,24,True,True
training-event-083,region-3,2673,5.999282033820337,0.4429542273199689,0.5,0.9036414360963589,28,True,True
training-event-083,region-3,2673,5.999282033820337,0.4429542273199689,2.0,0.9036414360963589,59,True,True
training-event-083,region-3,2673,5.999282033820337,0.4429542273199689,8.0,0.9036414360963589,108,True,True
training-event-083,region-3,2673,5.999282033820337,0.4429542273199689,24.0,0.9036414360963589,208,True,True
training-event-083,region-4,2486,5.379608641410919,0.23259018088132244,0.5,0.9366692291462229,5,True,True
training-event-083,region-4,2486,5.379608641410919,0.23259018088132244,2.0,0.9366692291462229,10,True,True
training-event-083,region-4,2486,5.379608641410919,0.23259018088132244,8.0,0.9366692291462229,22,True,True
training-event-083,region-4,2486,5.379608641410919,0.23259018088132244,24.0,0.9366692291462229,36,True,True
training-event-083,region-5,84,4.579162742493136,0.13307084009950876,0.5,0.76318627732814,0,True,True
training-event-083,region-5,84,4.579162742493136,0.13307084009950876,2.0,0.76318627732814,0,True,True
training-event-083,region-5,84,4.579162742493136,0.13307084009950876,8.0,0.76318627732814,0,True,True
training-event-083,region-5,84,4.579162742493136,0.13307084009950876,24.0,0.76318627732814,1,True,True
training-event-084,region-0,1199,5.907800049954989,0.22541753822206048,0.5,0.5273026221535224,2,True,True
training-event-084,region-0,1199,5.907800049954989,0.22541753822206048,2.0,0.5273026221535224,5,True,True
training-event-084,region-0,1199,5.907800049954989,0.22541753822206048,8.0,0.5273026221535224,10,True,True
training-event-084,region-0,1199,5.907800049954989,0.22541753822206048,24.0,0.5273026221535224,14,True,True
training-event-084,region-1,3003,5.82524972577126,0.1991319099313981,0.5,0.7034747918210749,8,True,True
training-event-084,region-1,3003,5.82524972577126,0.1991319099313981,2.0,0.7034747918210749,15,True,True
training-event-084,region-1,3003,5.82524972577126,0.1991319099313981,8.0,0.7034747918210749,40,True,True
training-event-084,region-1,3003,5.82524972577126,0.1991319099313981,24.0,0.7034747918210749,76,True,True
training-event-084,region-2,364,6.143243002518728,0.3447969137587779,0.5,0.4144019995807405,0,True,True
training-event-084,region-2,364,6.143243002518728,0.3447969137587779,2.0,0.4144019995807405,0,True,True
training-event-084,region-2,364,6.143243002518728,0.3447969137587779,8.0,0.4144019995807405,0,True,True
training-event-084,region-2,364,6.143243002518728,0.3447969137587779,24.0,0.4144019995807405,2,True,True
training-event-084,region-3,2762,6.51841996224696,0.6353873585270449,0.5,0.8606013267749099,29,True,True
training-event-084,region-3,2762,6.51841996224696,0.6353873585270449,2.0,0.8606013267749099,67,True,True
training-event-084,region-3,2762,6.51841996224696,0.6353873585270449,8.0,0.8606013267749099,140,True,True
training-event-084,region-3,2762,6.51841996224696,0.6353873585270449,24.0,0.8606013267749099,269,True,True
training-event-084,region-4,3445,5.682455138458985,0.4312579395444296,0.5,0.972738180919657,30,True,True
training-event-084,region-4,3445,5.682455138458985,0.4312579395444296,2.0,0.972738180919657,50,True,True
training-event-084,region-4,3445,5.682455138458985,0.4312579395444296,8.0,0.972738180919657,99,True,True
training-event-084,region-4,3445,5.682455138458985,0.4312579395444296,24.0,0.972738180919657,193,True,True
training-event-084,region-5,928,6.657297005502602,0.6188370018805369,0.5,0.9724405985487673,15,True,True
training-event-084,region-5,928,6.657297005502602,0.6188370018805369,2.0,0.9724405985487673,25,True,True
training-event-084,region-5,928,6.657297005502602,0.6188370018805369,8.0,0.9724405985487673,40,True,True
training-event-084,region-5,928,6.657297005502602,0.6188370018805369,24.0,0.9724405985487673,78,True,True
training-event-085,region-0,1689,6.668816559370557,0.4257712500787239,0.5,0.6068723759002764,7,True,True
training-event-085,region-0,1689,6.668816559370557,0.4257712500787239,2.0,0.6068723759002764,15,True,True
training-event-085,region-0,1689,6.668816559370557,0.4257712500787239,8.0,0.6068723759002764,21,True,True
training-event-085,region-0,1689,6.668816559370557,0.4257712500787239,24.0,0.6068723759002764,41,True,True
training-event-085,region-1,330,5.171172805522265,0.10462023812245183,0.5,0.8010159751703592,2,True,True
training-event-085,region-1,330,5.171172805522265,0.10462023812245183,2.0,0.8010159751703592,2,True,True
training-event-085,region-1,330,5.171172805522265,0.10462023812245183,8.0,0.8010159751703592,3,True,True
training-event-085,region-1,330,5.171172805522265,0.10462023812245183,24.0,0.8010159751703592,6,True,True
training-event-085,region-2,1932,6.322806341308764,0.30045342392438495,0.5,0.5743434960402859,3,True,True
training-event-085,region-2,1932,6.322806341308764,0.30045342392438495,2.0,0.5743434960402859,9,True,True
training-event-085,region-2,1932,6.322806341308764,0.30045342392438495,8.0,0.5743434960402859,20,True,True
training-event-085,region-2,1932,6.322806341308764,0.30045342392438495,24.0,0.5743434960402859,43,True,True
training-event-085,region-3,169,6.621418414224619,0.44808047667981965,0.5,0.5597112190200387,0,True,True
training-event-085,region-3,169,6.621418414224619,0.44808047667981965,2.0,0.5597112190200387,1,True,True
training-event-085,region-3,169,6.621418414224619,0.44808047667981965,8.0,0.5597112190200387,4,True,True
training-event-085,region-3,169,6.621418414224619,0.44808047667981965,24.0,0.5597112190200387,8,True,True
training-event-085,region-4,3268,6.2640953076360555,0.14785212685158583,0.5,0.4865892244044108,8,True,True
training-event-085,region-4,3268,6.2640953076360555,0.14785212685158583,2.0,0.4865892244044108,15,True,True
training-event-085,region-4,3268,6.2640953076360555,0.14785212685158583,8.0,0.4865892244044108,31,True,True
training-event-085,region-4,3268,6.2640953076360555,0.14785212685158583,24.0,0.4865892244044108,58,True,True
training-event-085,region-5,933,6.856277488172119,0.5509290562947301,0.5,0.7084579905021247,7,True,True
training-event-085,region-5,933,6.856277488172119,0.5509290562947301,2.0,0.7084579905021247,15,True,True
training-event-085,region-5,933,6.856277488172119,0.5509290562947301,8.0,0.7084579905021247,37,True,True
training-event-085,region-5,933,6.856277488172119,0.5509290562947301,24.0,0.7084579905021247,72,True,True
training-event-086,region-0,2353,5.2213459761197365,0.1720987991437825,0.5,0.7001957925195923,5,True,True
training-event-086,region-0,2353,5.2213459761197365,0.1720987991437825,2.0,0.7001957925195923,12,True,True
training-event-086,region-0,2353,5.2213459761197365,0.1720987991437825,8.0,0.7001957925195923,27,True,True
training-event-086,region-0,2353,5.2213459761197365,0.1720987991437825,24.0,0.7001957925195923,52,True,True
training-event-086,region-1,3135,4.87432997896274,0.4659790986664053,0.5,0.48167113720147836,7,True,True
training-event-086,region-1,3135,4.87432997896274,0.4659790986664053,2.0,0.48167113720147836,13,True,True
training-event-086,region-1,3135,4.87432997896274,0.4659790986664053,8.0,0.48167113720147836,24,True,True
training-event-086,region-1,3135,4.87432997896274,0.4659790986664053,24.0,0.48167113720147836,50,True,True
training-event-086,region-2,1488,4.0,0.02,0.5,0.7816670651526743,1,True,True
training-event-086,region-2,1488,4.0,0.02,2.0,0.7816670651526743,1,True,True
training-event-086,region-2,1488,4.0,0.02,8.0,0.7816670651526743,5,True,True
training-event-086,region-2,1488,4.0,0.02,24.0,0.7816670651526743,13,True,True
training-event-086,region-3,690,5.095190063297566,0.02,0.5,0.7222127942704414,3,True,True
training-event-086,region-3,690,5.095190063297566,0.02,2.0,0.7222127942704414,3,True,True
training-event-086,region-3,690,5.095190063297566,0.02,8.0,0.7222127942704414,5,True,True
training-event-086,region-3,690,5.095190063297566,0.02,24.0,0.7222127942704414,13,True,True
training-event-086,region-4,738,5.318295412856792,0.3586561683071813,0.5,0.7369776183418433,6,True,True
training-event-086,region-4,738,5.318295412856792,0.3586561683071813,2.0,0.7369776183418433,13,True,True
training-event-086,region-4,738,5.318295412856792,0.3586561683071813,8.0,0.7369776183418433,24,True,True
training-event-086,region-4,738,5.318295412856792,0.3586561683071813,24.0,0.7369776183418433,33,True,True
training-event-086,region-5,3163,4.53815613338542,0.11586521287768585,0.5,0.7260051219010462,4,True,True
training-event-086,region-5,3163,4.53815613338542,0.11586521287768585,2.0,0.7260051219010462,13,True,True
training-event-086,region-5,3163,4.53815613338542,0.11586521287768585,8.0,0.7260051219010462,33,True,True
training-event-086,region-5,3163,4.53815613338542,0.11586521287768585,24.0,0.7260051219010462,63,True,True
training-event-087,region-0,1850,6.090817376747845,0.7009925207335799,0.5,0.618456262912505,8,True,True
training-event-087,region-0,1850,6.090817376747845,0.7009925207335799,2.0,0.618456262912505,15,True,True
training-event-087,region-0,1850,6.090817376747845,0.7009925207335799,8.0,0.618456262912505,31,True,True
training-event-087,region-0,1850,6.090817376747845,0.7009925207335799,24.0,0.618456262912505,62,True,True
training-event-087,region-1,1521,4.944471554293009,0.02,0.5,0.6707488444663918,2,True,True
training-event-087,region-1,1521,4.944471554293009,0.02,2.0,0.6707488444663918,4,True,True
training-event-087,region-1,1521,4.944471554293009,0.02,8.0,0.6707488444663918,8,True,True
training-event-087,region-1,1521,4.944471554293009,0.02,24.0,0.6707488444663918,18,True,True
training-event-087,region-2,641,5.768602326925082,0.48268674383662585,0.5,0.68235719843073,0,True,True
training-event-087,region-2,641,5.768602326925082,0.48268674383662585,2.0,0.68235719843073,3,True,True
training-event-087,region-2,641,5.768602326925082,0.48268674383662585,8.0,0.68235719843073,12,True,True
training-event-087,region-2,641,5.768602326925082,0.48268674383662585,24.0,0.68235719843073,28,True,True
training-event-087,region-3,2293,5.474352647668911,0.3475781684092565,0.5,0.7483018593513486,9,True,True
training-event-087,region-3,2293,5.474352647668911,0.3475781684092565,2.0,0.7483018593513486,23,True,True
training-event-087,region-3,2293,5.474352647668911,0.3475781684092565,8.0,0.7483018593513486,53,True,True
training-event-087,region-3,2293,5.474352647668911,0.3475781684092565,24.0,0.7483018593513486,104,True,True
training-event-087,region-4,673,5.427448303142324,0.2613572222874899,0.5,0.9216554282280093,3,True,True
training-event-087,region-4,673,5.427448303142324,0.2613572222874899,2.0,0.9216554282280093,4,True,True
training-event-087,region-4,673,5.427448303142324,0.2613572222874899,8.0,0.9216554282280093,8,True,True
training-event-087,region-4,673,5.427448303142324,0.2613572222874899,24.0,0.9216554282280093,20,True,True
training-event-087,region-5,3339,5.932817807497122,0.4021067422781462,0.5,0.44806574389460957,12,True,True
training-event-087,region-5,3339,5.932817807497122,0.4021067422781462,2.0,0.44806574389460957,31,True,True
training-event-087,region-5,3339,5.932817807497122,0.4021067422781462,8.0,0.44806574389460957,62,True,True
training-event-087,region-5,3339,5.932817807497122,0.4021067422781462,24.0,0.44806574389460957,109,True,True
training-event-088,region-0,1799,8.267450666412314,0.98,0.5,0.656697757950138,41,True,True
training-event-088,region-0,1799,8.267450666412314,0.98,2.0,0.656697757950138,95,True,True
training-event-088,region-0,1799,8.267450666412314,0.98,8.0,0.656697757950138,221,True,True
training-event-088,region-0,1799,8.267450666412314,0.98,24.0,0.656697757950138,419,True,True
training-event-088,region-1,156,7.363749246422388,0.5722351637725565,0.5,0.5208164832554741,0,True,True
training-event-088,region-1,156,7.363749246422388,0.5722351637725565,2.0,0.5208164832554741,0,True,True
training-event-088,region-1,156,7.363749246422388,0.5722351637725565,8.0,0.5208164832554741,2,True,True
training-event-088,region-1,156,7.363749246422388,0.5722351637725565,24.0,0.5208164832554741,3,True,True
training-event-088,region-2,1049,7.984395229613942,0.923675803608681,0.5,0.45678868600579603,11,True,True
training-event-088,region-2,1049,7.984395229613942,0.923675803608681,2.0,0.45678868600579603,21,True,True
training-event-088,region-2,1049,7.984395229613942,0.923675803608681,8.0,0.45678868600579603,42,True,True
training-event-088,region-2,1049,7.984395229613942,0.923675803608681,24.0,0.45678868600579603,83,True,True
training-event-088,region-3,1195,7.300457616590008,0.5029741187359308,0.5,0.9774960597849743,18,True,True
training-event-088,region-3,1195,7.300457616590008,0.5029741187359308,2.0,0.9774960597849743,26,True,True
training-event-088,region-3,1195,7.300457616590008,0.5029741187359308,8.0,0.9774960597849743,70,True,True
training-event-088,region-3,1195,7.300457616590008,0.5029741187359308,24.0,0.9774960597849743,145,True,True
training-event-088,region-4,216,7.822083062689766,0.8812132544419155,0.5,0.4334237473571871,0,True,True
training-event-088,region-4,216,7.822083062689766,0.8812132544419155,2.0,0.4334237473571871,2,True,True
training-event-088,region-4,216,7.822083062689766,0.8812132544419155,8.0,0.4334237473571871,10,True,True
training-event-088,region-4,216,7.822083062689766,0.8812132544419155,24.0,0.4334237473571871,15,True,True
training-event-088,region-5,1844,8.224761944404491,0.98,0.5,0.6929784740313268,36,True,True
training-event-088,region-5,1844,8.224761944404491,0.98,2.0,0.6929784740313268,58,True,True
training-event-088,region-5,1844,8.224761944404491,0.98,8.0,0.6929784740313268,141,True,True
training-event-088,region-5,1844,8.224761944404491,0.98,24.0,0.6929784740313268,242,True,True
training-event-089,region-0,2107,4.387118397361332,0.1790190821782499,0.5,0.8768486359376009,3,True,True
training-event-089,region-0,2107,4.387118397361332,0.1790190821782499,2.0,0.8768486359376009,4,True,True
training-event-089,region-0,2107,4.387118397361332,0.1790190821782499,8.0,0.8768486359376009,11,True,True
training-event-089,region-0,2107,4.387118397361332,0.1790190821782499,24.0,0.8768486359376009,17,True,True
training-event-089,region-1,603,4.756120391855472,0.027367321384810767,0.5,0.523234291485076,3,True,True
training-event-089,region-1,603,4.756120391855472,0.027367321384810767,2.0,0.523234291485076,3,True,True
training-event-089,region-1,603,4.756120391855472,0.027367321384810767,8.0,0.523234291485076,5,True,True
training-event-089,region-1,603,4.756120391855472,0.027367321384810767,24.0,0.523234291485076,9,True,True
training-event-089,region-2,905,4.128787458574702,0.14358488657464444,0.5,0.7658399483365985,2,True,True
training-event-089,region-2,905,4.128787458574702,0.14358488657464444,2.0,0.7658399483365985,2,True,True
training-event-089,region-2,905,4.128787458574702,0.14358488657464444,8.0,0.7658399483365985,8,True,True
training-event-089,region-2,905,4.128787458574702,0.14358488657464444,24.0,0.7658399483365985,17,True,True
training-event-089,region-3,1021,4.0,0.02,0.5,0.6624701802370245,1,True,True
training-event-089,region-3,1021,4.0,0.02,2.0,0.6624701802370245,3,True,True
training-event-089,region-3,1021,4.0,0.02,8.0,0.6624701802370245,10,True,True
training-event-089,region-3,1021,4.0,0.02,24.0,0.6624701802370245,17,True,True
training-event-089,region-4,711,4.959240761578306,0.02,0.5,0.755233198180623,1,True,True
training-event-089,region-4,711,4.959240761578306,0.02,2.0,0.755233198180623,3,True,True
training-event-089,region-4,711,4.959240761578306,0.02,8.0,0.755233198180623,3,True,True
training-event-089,region-4,711,4.959240761578306,0.02,24.0,0.755233198180623,5,True,True
training-event-089,region-5,1994,5.806504796035035,0.29310447593293254,0.5,0.9518909190720207,6,True,True
training-event-089,region-5,1994,5.806504796035035,0.29310447593293254,2.0,0.9518909190720207,14,True,True
training-event-089,region-5,1994,5.806504796035035,0.29310447593293254,8.0,0.9518909190720207,30,True,True
training-event-089,region-5,1994,5.806504796035035,0.29310447593293254,24.0,0.9518909190720207,62,True,True
training-event-090,region-0,2332,6.4296262981292065,0.278301555465845,0.5,0.7955393563288308,20,True,True
training-event-090,region-0,2332,6.4296262981292065,0.278301555465845,2.0,0.7955393563288308,46,True,True
training-event-090,region-0,2332,6.4296262981292065,0.278301555465845,8.0,0.7955393563288308,82,True,True
training-event-090,region-0,2332,6.4296262981292065,0.278301555465845,24.0,0.7955393563288308,137,True,True
training-event-090,region-1,2402,4.923212627649285,0.2248901506743728,0.5,0.6339814742002804,5,True,True
training-event-090,region-1,2402,4.923212627649285,0.2248901506743728,2.0,0.6339814742002804,9,True,True
training-event-090,region-1,2402,4.923212627649285,0.2248901506743728,8.0,0.6339814742002804,18,True,True
training-event-090,region-1,2402,4.923212627649285,0.2248901506743728,24.0,0.6339814742002804,40,True,True
training-event-090,region-2,379,5.815416550873786,0.4489840964148586,0.5,0.7913963964943862,0,True,True
training-event-090,region-2,379,5.815416550873786,0.4489840964148586,2.0,0.7913963964943862,1,True,True
training-event-090,region-2,379,5.815416550873786,0.4489840964148586,8.0,0.7913963964943862,3,True,True
training-event-090,region-2,379,5.815416550873786,0.4489840964148586,24.0,0.7913963964943862,8,True,True
training-event-090,region-3,2780,4.931994717970808,0.02,0.5,0.9252558862662451,15,True,True
training-event-090,region-3,2780,4.931994717970808,0.02,2.0,0.9252558862662451,19,True,True
training-event-090,region-3,2780,4.931994717970808,0.02,8.0,0.9252558862662451,41,True,True
training-event-090,region-3,2780,4.931994717970808,0.02,24.0,0.9252558862662451,71,True,True
training-event-090,region-4,216,5.765774539973666,0.36102359161228104,0.5,0.6067473140710071,0,True,True
training-event-090,region-4,216,5.765774539973666,0.36102359161228104,2.0,0.6067473140710071,0,True,True
training-event-090,region-4,216,5.765774539973666,0.36102359161228104,8.0,0.6067473140710071,4,True,True
training-event-090,region-4,216,5.765774539973666,0.36102359161228104,24.0,0.6067473140710071,6,True,True
training-event-090,region-5,3326,6.2001628658427075,0.3060620442224157,0.5,0.8564951961690634,30,True,True
training-event-090,region-5,3326,6.2001628658427075,0.3060620442224157,2.0,0.8564951961690634,53,True,True
training-event-090,region-5,3326,6.2001628658427075,0.3060620442224157,8.0,0.8564951961690634,105,True,True
training-event-090,region-5,3326,6.2001628658427075,0.3060620442224157,24.0,0.8564951961690634,180,True,True
training-event-091,region-0,1636,6.512098007333529,0.6105616145996811,0.5,0.5226668465600754,12,True,True
training-event-091,region-0,1636,6.512098007333529,0.6105616145996811,2.0,0.5226668465600754,15,True,True
training-event-091,region-0,1636,6.512098007333529,0.6105616145996811,8.0,0.5226668465600754,24,True,True
training-event-091,region-0,1636,6.512098007333529,0.6105616145996811,24.0,0.5226668465600754,42,True,True
training-event-091,region-1,290,7.22629378502471,0.40378602361533966,0.5,0.5040641475135827,3,True,True
training-event-091,region-1,290,7.22629378502471,0.40378602361533966,2.0,0.5040641475135827,5,True,True
training-event-091,region-1,290,7.22629378502471,0.40378602361533966,8.0,0.5040641475135827,9,True,True
training-event-091,region-1,290,7.22629378502471,0.40378602361533966,24.0,0.5040641475135827,17,True,True
training-event-091,region-2,3148,6.468269786382924,0.3494135613355934,0.5,0.530696266892566,11,True,True
training-event-091,region-2,3148,6.468269786382924,0.3494135613355934,2.0,0.530696266892566,25,True,True
training-event-091,region-2,3148,6.468269786382924,0.3494135613355934,8.0,0.530696266892566,59,True,True
training-event-091,region-2,3148,6.468269786382924,0.3494135613355934,24.0,0.530696266892566,90,True,True
training-event-091,region-3,3124,5.061526577741364,0.10299920202481504,0.5,0.9839256953026213,12,True,True
training-event-091,region-3,3124,5.061526577741364,0.10299920202481504,2.0,0.9839256953026213,21,True,True
training-event-091,region-3,3124,5.061526577741364,0.10299920202481504,8.0,0.9839256953026213,50,True,True
training-event-091,region-3,3124,5.061526577741364,0.10299920202481504,24.0,0.9839256953026213,83,True,True
training-event-091,region-4,585,6.754188732932646,0.43975922412187846,0.5,0.5266054576739901,3,True,True
training-event-091,region-4,585,6.754188732932646,0.43975922412187846,2.0,0.5266054576739901,4,True,True
training-event-091,region-4,585,6.754188732932646,0.43975922412187846,8.0,0.5266054576739901,6,True,True
training-event-091,region-4,585,6.754188732932646,0.43975922412187846,24.0,0.5266054576739901,19,True,True
training-event-091,region-5,1204,5.807041622371777,0.39270272358818636,0.5,0.6460797770430187,2,True,True
training-event-091,region-5,1204,5.807041622371777,0.39270272358818636,2.0,0.6460797770430187,6,True,True
training-event-091,region-5,1204,5.807041622371777,0.39270272358818636,8.0,0.6460797770430187,8,True,True
training-event-091,region-5,1204,5.807041622371777,0.39270272358818636,24.0,0.6460797770430187,16,True,True
training-event-092,region-0,1765,4.442096009030015,0.02,0.5,0.9315200292104016,0,True,True
training-event-092,region-0,1765,4.442096009030015,0.02,2.0,0.9315200292104016,7,True,True
training-event-092,region-0,1765,4.442096009030015,0.02,8.0,0.9315200292104016,12,True,True
training-event-092,region-0,1765,4.442096009030015,0.02,24.0,0.9315200292104016,28,True,True
training-event-092,region-1,2124,5.3226580771404945,0.10611766197096228,0.5,0.7437351937799221,5,True,True
training-event-092,region-1,2124,5.3226580771404945,0.10611766197096228,2.0,0.7437351937799221,11,True,True
training-event-092,region-1,2124,5.3226580771404945,0.10611766197096228,8.0,0.7437351937799221,21,True,True
training-event-092,region-1,2124,5.3226580771404945,0.10611766197096228,24.0,0.7437351937799221,33,True,True
training-event-092,region-2,2352,6.479500906633051,0.45031057280301684,0.5,0.8921000200350517,14,True,True
training-event-092,region-2,2352,6.479500906633051,0.45031057280301684,2.0,0.8921000200350517,29,True,True
training-event-092,region-2,2352,6.479500906633051,0.45031057280301684,8.0,0.8921000200350517,75,True,True
training-event-092,region-2,2352,6.479500906633051,0.45031057280301684,24.0,0.8921000200350517,146,True,True
training-event-092,region-3,3423,5.796688588487377,0.4537413626691487,0.5,0.9018397793682651,18,True,True
training-event-092,region-3,3423,5.796688588487377,0.4537413626691487,2.0,0.9018397793682651,34,True,True
training-event-092,region-3,3423,5.796688588487377,0.4537413626691487,8.0,0.9018397793682651,75,True,True
training-event-092,region-3,3423,5.796688588487377,0.4537413626691487,24.0,0.9018397793682651,133,True,True
training-event-092,region-4,3038,6.370006630901935,0.49129943573748763,0.5,0.967180607255564,37,True,True
training-event-092,region-4,3038,6.370006630901935,0.49129943573748763,2.0,0.967180607255564,66,True,True
training-event-092,region-4,3038,6.370006630901935,0.49129943573748763,8.0,0.967180607255564,144,True,True
training-event-092,region-4,3038,6.370006630901935,0.49129943573748763,24.0,0.967180607255564,264,True,True
training-event-092,region-5,902,4.534517662617631,0.02,0.5,0.6908829359390916,3,True,True
training-event-092,region-5,902,4.534517662617631,0.02,2.0,0.6908829359390916,5,True,True
training-event-092,region-5,902,4.534517662617631,0.02,8.0,0.6908829359390916,5,True,True
training-event-092,region-5,902,4.534517662617631,0.02,24.0,0.6908829359390916,13,True,True
training-event-093,region-0,1562,5.502965252423649,0.2570096565552966,0.5,0.4783483337598704,2,True,True
training-event-093,region-0,1562,5.502965252423649,0.2570096565552966,2.0,0.4783483337598704,5,True,True
training-event-093,region-0,1562,5.502965252423649,0.2570096565552966,8.0,0.4783483337598704,16,True,True
training-event-093,region-0,1562,5.502965252423649,0.2570096565552966,24.0,0.4783483337598704,30,True,True
training-event-093,region-1,691,6.943014992914921,0.7190798272917673,0.5,0.7243170564886077,5,True,True
training-event-093,region-1,691,6.943014992914921,0.7190798272917673,2.0,0.7243170564886077,10,True,True
training-event-093,region-1,691,6.943014992914921,0.7190798272917673,8.0,0.7243170564886077,25,True,True
training-event-093,region-1,691,6.943014992914921,0.7190798272917673,24.0,0.7243170564886077,47,True,True
training-event-093,region-2,1918,6.650837052347684,0.5563874043545759,0.5,0.8463360894037124,20,True,True
training-event-093,region-2,1918,6.650837052347684,0.5563874043545759,2.0,0.8463360894037124,34,True,True
training-event-093,region-2,1918,6.650837052347684,0.5563874043545759,8.0,0.8463360894037124,56,True,True
training-event-093,region-2,1918,6.650837052347684,0.5563874043545759,24.0,0.8463360894037124,133,True,True
training-event-093,region-3,1569,6.336682039888044,0.5536463056151711,0.5,0.8483677127233198,2,True,True
training-event-093,region-3,1569,6.336682039888044,0.5536463056151711,2.0,0.8483677127233198,6,True,True
training-event-093,region-3,1569,6.336682039888044,0.5536463056151711,8.0,0.8483677127233198,17,True,True
training-event-093,region-3,1569,6.336682039888044,0.5536463056151711,24.0,0.8483677127233198,29,True,True
training-event-093,region-4,1328,7.191823434034066,0.744837743208538,0.5,0.4277448519962703,14,True,True
training-event-093,region-4,1328,7.191823434034066,0.744837743208538,2.0,0.4277448519962703,24,True,True
training-event-093,region-4,1328,7.191823434034066,0.744837743208538,8.0,0.4277448519962703,37,True,True
training-event-093,region-4,1328,7.191823434034066,0.744837743208538,24.0,0.4277448519962703,66,True,True
training-event-093,region-5,206,6.297313973254094,0.4604791550791055,0.5,0.6076018286102375,3,True,True
training-event-093,region-5,206,6.297313973254094,0.4604791550791055,2.0,0.6076018286102375,3,True,True
training-event-093,region-5,206,6.297313973254094,0.4604791550791055,8.0,0.6076018286102375,5,True,True
training-event-093,region-5,206,6.297313973254094,0.4604791550791055,24.0,0.6076018286102375,8,True,True
training-event-094,region-0,2064,5.633093727307349,0.1988923802988803,0.5,0.4996370342811923,2,True,True
training-event-094,region-0,2064,5.633093727307349,0.1988923802988803,2.0,0.4996370342811923,6,True,True
training-event-094,region-0,2064,5.633093727307349,0.1988923802988803,8.0,0.4996370342811923,8,True,True
training-event-094,region-0,2064,5.633093727307349,0.1988923802988803,24.0,0.4996370342811923,16,True,True
training-event-094,region-1,1102,4.575935017303375,0.02,0.5,0.8776343365461476,1,True,True
training-event-094,region-1,1102,4.575935017303375,0.02,2.0,0.8776343365461476,1,True,True
training-event-094,region-1,1102,4.575935017303375,0.02,8.0,0.8776343365461476,9,True,True
training-event-094,region-1,1102,4.575935017303375,0.02,24.0,0.8776343365461476,16,True,True
training-event-094,region-2,995,4.710524157928151,0.20684738454859491,0.5,0.7419913839864541,3,True,True
training-event-094,region-2,995,4.710524157928151,0.20684738454859491,2.0,0.7419913839864541,3,True,True
training-event-094,region-2,995,4.710524157928151,0.20684738454859491,8.0,0.7419913839864541,10,True,True
training-event-094,region-2,995,4.710524157928151,0.20684738454859491,24.0,0.7419913839864541,17,True,True
training-event-094,region-3,1269,4.978367566516285,0.04748118801250195,0.5,0.7589619759626819,1,True,True
training-event-094,region-3,1269,4.978367566516285,0.04748118801250195,2.0,0.7589619759626819,6,True,True
training-event-094,region-3,1269,4.978367566516285,0.04748118801250195,8.0,0.7589619759626819,10,True,True
training-event-094,region-3,1269,4.978367566516285,0.04748118801250195,24.0,0.7589619759626819,24,True,True
training-event-094,region-4,875,5.8424451008826885,0.5103279116544371,0.5,0.7813851809845598,2,True,True
training-event-094,region-4,875,5.8424451008826885,0.5103279116544371,2.0,0.7813851809845598,3,True,True
training-event-094,region-4,875,5.8424451008826885,0.5103279116544371,8.0,0.7813851809845598,7,True,True
training-event-094,region-4,875,5.8424451008826885,0.5103279116544371,24.0,0.7813851809845598,12,True,True
training-event-094,region-5,2118,6.147112458151659,0.19724918304246428,0.5,0.44513008259554326,3,True,True
training-event-094,region-5,2118,6.147112458151659,0.19724918304246428,2.0,0.44513008259554326,6,True,True
training-event-094,region-5,2118,6.147112458151659,0.19724918304246428,8.0,0.44513008259554326,18,True,True
training-event-094,region-5,2118,6.147112458151659,0.19724918304246428,24.0,0.44513008259554326,40,True,True
training-event-095,region-0,1293,6.055804630302412,0.3029002427699152,0.5,0.42548085107855654,5,True,True
training-event-095,region-0,1293,6.055804630302412,0.3029002427699152,2.0,0.42548085107855654,10,True,True
training-event-095,region-0,1293,6.055804630302412,0.3029002427699152,8.0,0.42548085107855654,26,True,True
training-event-095,region-0,1293,6.055804630302412,0.3029002427699152,24.0,0.42548085107855654,53,True,True
training-event-095,region-1,1179,6.012693133669556,0.4652662912040315,0.5,0.8346401736210938,6,True,True
training-event-095,region-1,1179,6.012693133669556,0.4652662912040315,2.0,0.8346401736210938,13,True,True
training-event-095,region-1,1179,6.012693133669556,0.4652662912040315,8.0,0.8346401736210938,27,True,True
training-event-095,region-1,1179,6.012693133669556,0.4652662912040315,24.0,0.8346401736210938,42,True,True
training-event-095,region-2,2357,6.272272522532391,0.5091929007783289,0.5,0.581411896554971,15,True,True
training-event-095,region-2,2357,6.272272522532391,0.5091929007783289,2.0,0.581411896554971,26,True,True
training-event-095,region-2,2357,6.272272522532391,0.5091929007783289,8.0,0.581411896554971,50,True,True
training-event-095,region-2,2357,6.272272522532391,0.5091929007783289,24.0,0.581411896554971,89,True,True
training-event-095,region-3,1842,5.9519395900902685,0.3407920468811809,0.5,0.4036038226599248,5,True,True
training-event-095,region-3,1842,5.9519395900902685,0.3407920468811809,2.0,0.4036038226599248,10,True,True
training-event-095,region-3,1842,5.9519395900902685,0.3407920468811809,8.0,0.4036038226599248,22,True,True
training-event-095,region-3,1842,5.9519395900902685,0.3407920468811809,24.0,0.4036038226599248,49,True,True
training-event-095,region-4,55,6.263469173287281,0.43280212323144707,0.5,0.4234595573553475,0,True,True
training-event-095,region-4,55,6.263469173287281,0.43280212323144707,2.0,0.4234595573553475,0,True,True
training-event-095,region-4,55,6.263469173287281,0.43280212323144707,8.0,0.4234595573553475,0,True,True
training-event-095,region-4,55,6.263469173287281,0.43280212323144707,24.0,0.4234595573553475,0,True,True
training-event-095,region-5,1335,6.1852178075914654,0.48258130746894495,0.5,0.42830673326278584,5,True,True
training-event-095,region-5,1335,6.1852178075914654,0.48258130746894495,2.0,0.42830673326278584,12,True,True
training-event-095,region-5,1335,6.1852178075914654,0.48258130746894495,8.0,0.42830673326278584,24,True,True
training-event-095,region-5,1335,6.1852178075914654,0.48258130746894495,24.0,0.42830673326278584,45,True,True
training-event-096,region-0,916,6.490961181208869,0.3318596033080491,0.5,0.5519104690506885,3,True,True
training-event-096,region-0,916,6.490961181208869,0.3318596033080491,2.0,0.5519104690506885,9,True,True
training-event-096,region-0,916,6.490961181208869,0.3318596033080491,8.0,0.5519104690506885,12,True,True
training-event-096,region-0,916,6.490961181208869,0.3318596033080491,24.0,0.5519104690506885,24,True,True
training-event-096,region-1,218,5.822494067455754,0.6305711411967789,0.5,0.6209475419153911,1,True,True
training-event-096,region-1,218,5.822494067455754,0.6305711411967789,2.0,0.6209475419153911,3,True,True
training-event-096,region-1,218,5.822494067455754,0.6305711411967789,8.0,0.6209475419153911,6,True,True
training-event-096,region-1,218,5.822494067455754,0.6305711411967789,24.0,0.6209475419153911,11,True,True
training-event-096,region-2,932,5.916638640271965,0.3643031539335349,0.5,0.586401700220555,6,True,True
training-event-096,region-2,932,5.916638640271965,0.3643031539335349,2.0,0.586401700220555,8,True,True
training-event-096,region-2,932,5.916638640271965,0.3643031539335349,8.0,0.586401700220555,18,True,True
training-event-096,region-2,932,5.916638640271965,0.3643031539335349,24.0,0.586401700220555,32,True,True
training-event-096,region-3,1942,6.76228326384533,0.75233061357829,0.5,0.8293999388076756,5,True,True
training-event-096,region-3,1942,6.76228326384533,0.75233061357829,2.0,0.8293999388076756,12,True,True
training-event-096,region-3,1942,6.76228326384533,0.75233061357829,8.0,0.8293999388076756,39,True,True
training-event-096,region-3,1942,6.76228326384533,0.75233061357829,24.0,0.8293999388076756,58,True,True
training-event-096,region-4,203,6.096914492058032,0.4250362096013081,0.5,0.9318623617882426,1,True,True
training-event-096,region-4,203,6.096914492058032,0.4250362096013081,2.0,0.9318623617882426,3,True,True
training-event-096,region-4,203,6.096914492058032,0.4250362096013081,8.0,0.9318623617882426,6,True,True
training-event-096,region-4,203,6.096914492058032,0.4250362096013081,24.0,0.9318623617882426,14,True,True
training-event-096,region-5,2737,5.609909044484782,0.25500383706815943,0.5,0.9690206740355948,20,True,True
training-event-096,region-5,2737,5.609909044484782,0.25500383706815943,2.0,0.9690206740355948,44,True,True
training-event-096,region-5,2737,5.609909044484782,0.25500383706815943,8.0,0.9690206740355948,85,True,True
training-event-096,region-5,2737,5.609909044484782,0.25500383706815943,24.0,0.9690206740355948,140,True,True
training-event-097,region-0,3256,5.453870557250443,0.5456670413225336,0.5,0.5497872818959698,10,True,True
training-event-097,region-0,3256,5.453870557250443,0.5456670413225336,2.0,0.5497872818959698,17,True,True
training-event-097,region-0,3256,5.453870557250443,0.5456670413225336,8.0,0.5497872818959698,40,True,True
training-event-097,region-0,3256,5.453870557250443,0.5456670413225336,24.0,0.5497872818959698,75,True,True
training-event-097,region-1,2597,4.713064371281375,0.02,0.5,0.8939126676394766,5,True,True
training-event-097,region-1,2597,4.713064371281375,0.02,2.0,0.8939126676394766,13,True,True
training-event-097,region-1,2597,4.713064371281375,0.02,8.0,0.8939126676394766,26,True,True
training-event-097,region-1,2597,4.713064371281375,0.02,24.0,0.8939126676394766,49,True,True
training-event-097,region-2,2251,4.0,0.02,0.5,0.9491111015781918,5,True,True
training-event-097,region-2,2251,4.0,0.02,2.0,0.9491111015781918,8,True,True
training-event-097,region-2,2251,4.0,0.02,8.0,0.9491111015781918,25,True,True
training-event-097,region-2,2251,4.0,0.02,24.0,0.9491111015781918,46,True,True
training-event-097,region-3,2971,5.005948763780249,0.22733100213315485,0.5,0.8943453673993516,5,True,True
training-event-097,region-3,2971,5.005948763780249,0.22733100213315485,2.0,0.8943453673993516,15,True,True
training-event-097,region-3,2971,5.005948763780249,0.22733100213315485,8.0,0.8943453673993516,39,True,True
training-event-097,region-3,2971,5.005948763780249,0.22733100213315485,24.0,0.8943453673993516,74,True,True
training-event-097,region-4,1081,4.268388168907251,0.02,0.5,0.4138438356371374,1,True,True
training-event-097,region-4,1081,4.268388168907251,0.02,2.0,0.4138438356371374,4,True,True
training-event-097,region-4,1081,4.268388168907251,0.02,8.0,0.4138438356371374,6,True,True
training-event-097,region-4,1081,4.268388168907251,0.02,24.0,0.4138438356371374,11,True,True
training-event-097,region-5,510,5.111722602620093,0.3812682691345297,0.5,0.5980400678587441,2,True,True
training-event-097,region-5,510,5.111722602620093,0.3812682691345297,2.0,0.5980400678587441,3,True,True
training-event-097,region-5,510,5.111722602620093,0.3812682691345297,8.0,0.5980400678587441,4,True,True
training-event-097,region-5,510,5.111722602620093,0.3812682691345297,24.0,0.5980400678587441,11,True,True
training-event-098,region-0,871,6.630261006341502,0.5721567111619389,0.5,0.5848513473283291,4,True,True
training-event-098,region-0,871,6.630261006341502,0.5721567111619389,2.0,0.5848513473283291,8,True,True
training-event-098,region-0,871,6.630261006341502,0.5721567111619389,8.0,0.5848513473283291,15,True,True
training-event-098,region-0,871,6.630261006341502,0.5721567111619389,24.0,0.5848513473283291,27,True,True
training-event-098,region-1,3453,6.448060041170155,0.5512461572779566,0.5,0.4991099544977151,12,True,True
training-event-098,region-1,3453,6.448060041170155,0.5512461572779566,2.0,0.4991099544977151,22,True,True
training-event-098,region-1,3453,6.448060041170155,0.5512461572779566,8.0,0.4991099544977151,38,True,True
training-event-098,region-1,3453,6.448060041170155,0.5512461572779566,24.0,0.4991099544977151,73,True,True
training-event-098,region-2,922,5.684831933883105,0.6112963597230106,0.5,0.6431660363650238,3,True,True
training-event-098,region-2,922,5.684831933883105,0.6112963597230106,2.0,0.6431660363650238,6,True,True
training-event-098,region-2,922,5.684831933883105,0.6112963597230106,8.0,0.6431660363650238,11,True,True
training-event-098,region-2,922,5.684831933883105,0.6112963597230106,24.0,0.6431660363650238,22,True,True
training-event-098,region-3,2568,6.70490360017323,0.3217195272257347,0.5,0.8620193489992685,14,True,True
training-event-098,region-3,2568,6.70490360017323,0.3217195272257347,2.0,0.8620193489992685,27,True,True
training-event-098,region-3,2568,6.70490360017323,0.3217195272257347,8.0,0.8620193489992685,68,True,True
training-event-098,region-3,2568,6.70490360017323,0.3217195272257347,24.0,0.8620193489992685,126,True,True
training-event-098,region-4,2568,5.266153827999825,0.3608595036961938,0.5,0.8714940534306104,9,True,True
training-event-098,region-4,2568,5.266153827999825,0.3608595036961938,2.0,0.8714940534306104,16,True,True
training-event-098,region-4,2568,5.266153827999825,0.3608595036961938,8.0,0.8714940534306104,26,True,True
training-event-098,region-4,2568,5.266153827999825,0.3608595036961938,24.0,0.8714940534306104,43,True,True
training-event-098,region-5,617,6.131074122772856,0.33740476720945806,0.5,0.5677949344248457,3,True,True
training-event-098,region-5,617,6.131074122772856,0.33740476720945806,2.0,0.5677949344248457,4,True,True
training-event-098,region-5,617,6.131074122772856,0.33740476720945806,8.0,0.5677949344248457,5,True,True
training-event-098,region-5,617,6.131074122772856,0.33740476720945806,24.0,0.5677949344248457,12,True,True
training-event-099,region-0,2225,7.183506935780092,0.5411991991181326,0.5,0.4953394252116945,11,True,True
training-event-099,region-0,2225,7.183506935780092,0.5411991991181326,2.0,0.4953394252116945,28,True,True
training-event-099,region-0,2225,7.183506935780092,0.5411991991181326,8.0,0.4953394252116945,47,True,True
training-event-099,region-0,2225,7.183506935780092,0.5411991991181326,24.0,0.4953394252116945,72,True,True
training-event-099,region-1,2148,7.17631770166549,0.5878118632058347,0.5,0.8353634733309089,22,True,True
training-event-099,region-1,2148,7.17631770166549,0.5878118632058347,2.0,0.8353634733309089,45,True,True
training-event-099,region-1,2148,7.17631770166549,0.5878118632058347,8.0,0.8353634733309089,112,True,True
training-event-099,region-1,2148,7.17631770166549,0.5878118632058347,24.0,0.8353634733309089,202,True,True
training-event-099,region-2,3186,7.387298969584134,0.5871417719265762,0.5,0.8892689210958092,49,True,True
training-event-099,region-2,3186,7.387298969584134,0.5871417719265762,2.0,0.8892689210958092,91,True,True
training-event-099,region-2,3186,7.387298969584134,0.5871417719265762,8.0,0.8892689210958092,201,True,True
training-event-099,region-2,3186,7.387298969584134,0.5871417719265762,24.0,0.8892689210958092,336,True,True
training-event-099,region-3,3034,6.645835109027052,0.45564906192756105,0.5,0.535017105415507,11,True,True
training-event-099,region-3,3034,6.645835109027052,0.45564906192756105,2.0,0.535017105415507,25,True,True
training-event-099,region-3,3034,6.645835109027052,0.45564906192756105,8.0,0.535017105415507,43,True,True
training-event-099,region-3,3034,6.645835109027052,0.45564906192756105,24.0,0.535017105415507,78,True,True
training-event-099,region-4,635,7.674809644630381,0.98,0.5,0.7995818493681743,13,True,True
training-event-099,region-4,635,7.674809644630381,0.98,2.0,0.7995818493681743,18,True,True
training-event-099,region-4,635,7.674809644630381,0.98,8.0,0.7995818493681743,34,True,True
training-event-099,region-4,635,7.674809644630381,0.98,24.0,0.7995818493681743,59,True,True
training-event-099,region-5,360,6.5305221172064005,0.5538861054540536,0.5,0.541496059115401,2,True,True
training-event-099,region-5,360,6.5305221172064005,0.5538861054540536,2.0,0.541496059115401,3,True,True
training-event-099,region-5,360,6.5305221172064005,0.5538861054540536,8.0,0.541496059115401,7,True,True
training-event-099,region-5,360,6.5305221172064005,0.5538861054540536,24.0,0.541496059115401,12,True,True
training-event-100,region-0,2438,5.462645656638508,0.15521364686926706,0.5,0.785323658931624,11,True,True
training-event-100,region-0,2438,5.462645656638508,0.15521364686926706,2.0,0.785323658931624,17,True,True
training-event-100,region-0,2438,5.462645656638508,0.15521364686926706,8.0,0.785323658931624,30,True,True
training-event-100,region-0,2438,5.462645656638508,0.15521364686926706,24.0,0.785323658931624,50,True,True
training-event-100,region-1,2281,4.465287342371219,0.11698405009650602,0.5,0.5012219875922252,6,True,True
training-event-100,region-1,2281,4.465287342371219,0.11698405009650602,2.0,0.5012219875922252,12,True,True
training-event-100,region-1,2281,4.465287342371219,0.11698405009650602,8.0,0.5012219875922252,17,True,True
training-event-100,region-1,2281,4.465287342371219,0.11698405009650602,24.0,0.5012219875922252,32,True,True
training-event-100,region-2,3291,5.17944609409834,0.5038300698420717,0.5,0.5664550191847187,6,True,True
training-event-100,region-2,3291,5.17944609409834,0.5038300698420717,2.0,0.5664550191847187,14,True,True
training-event-100,region-2,3291,5.17944609409834,0.5038300698420717,8.0,0.5664550191847187,30,True,True
training-event-100,region-2,3291,5.17944609409834,0.5038300698420717,24.0,0.5664550191847187,55,True,True
training-event-100,region-3,1816,5.271245428585431,0.08892215218185096,0.5,0.7937927106128704,4,True,True
training-event-100,region-3,1816,5.271245428585431,0.08892215218185096,2.0,0.7937927106128704,11,True,True
training-event-100,region-3,1816,5.271245428585431,0.08892215218185096,8.0,0.7937927106128704,25,True,True
training-event-100,region-3,1816,5.271245428585431,0.08892215218185096,24.0,0.7937927106128704,38,True,True
training-event-100,region-4,638,4.503608752770395,0.02,0.5,0.5002953655391753,2,True,True
training-event-100,region-4,638,4.503608752770395,0.02,2.0,0.5002953655391753,4,True,True
training-event-100,region-4,638,4.503608752770395,0.02,8.0,0.5002953655391753,4,True,True
training-event-100,region-4,638,4.503608752770395,0.02,24.0,0.5002953655391753,9,True,True
training-event-100,region-5,3144,4.25786582558795,0.08626438098838174,0.5,0.7297348434896629,7,True,True
training-event-100,region-5,3144,4.25786582558795,0.08626438098838174,2.0,0.7297348434896629,10,True,True
training-event-100,region-5,3144,4.25786582558795,0.08626438098838174,8.0,0.7297348434896629,18,True,True
training-event-100,region-5,3144,4.25786582558795,0.08626438098838174,24.0,0.7297348434896629,26,True,True
training-event-101,region-0,891,5.186312646592626,0.3410014436799506,0.5,0.4770417501691827,5,True,True
training-event-101,region-0,891,5.186312646592626,0.3410014436799506,2.0,0.4770417501691827,8,True,True
training-event-101,region-0,891,5.186312646592626,0.3410014436799506,8.0,0.4770417501691827,16,True,True
training-event-101,region-0,891,5.186312646592626,0.3410014436799506,24.0,0.4770417501691827,22,True,True
training-event-101,region-1,1922,4.965739710254546,0.5287414882093435,0.5,0.7470875628322032,11,True,True
training-event-101,region-1,1922,4.965739710254546,0.5287414882093435,2.0,0.7470875628322032,24,True,True
training-event-101,region-1,1922,4.965739710254546,0.5287414882093435,8.0,0.7470875628322032,48,True,True
training-event-101,region-1,1922,4.965739710254546,0.5287414882093435,24.0,0.7470875628322032,72,True,True
training-event-101,region-2,953,4.289575483299675,0.02,0.5,0.8522444080565728,0,True,True
training-event-101,region-2,953,4.289575483299675,0.02,2.0,0.8522444080565728,3,True,True
training-event-101,region-2,953,4.289575483299675,0.02,8.0,0.8522444080565728,15,True,True
training-event-101,region-2,953,4.289575483299675,0.02,24.0,0.8522444080565728,19,True,True
training-event-101,region-3,902,4.560121231989809,0.03610278394372772,0.5,0.5737028124842259,0,True,True
training-event-101,region-3,902,4.560121231989809,0.03610278394372772,2.0,0.5737028124842259,1,True,True
training-event-101,region-3,902,4.560121231989809,0.03610278394372772,8.0,0.5737028124842259,4,True,True
training-event-101,region-3,902,4.560121231989809,0.03610278394372772,24.0,0.5737028124842259,7,True,True
training-event-101,region-4,782,6.306452411013109,0.3356825872671437,0.5,0.6918995177106814,2,True,True
training-event-101,region-4,782,6.306452411013109,0.3356825872671437,2.0,0.6918995177106814,3,True,True
training-event-101,region-4,782,6.306452411013109,0.3356825872671437,8.0,0.6918995177106814,14,True,True
training-event-101,region-4,782,6.306452411013109,0.3356825872671437,24.0,0.6918995177106814,26,True,True
training-event-101,region-5,1455,5.13039228907664,0.3049797035064056,0.5,0.8482501697932209,6,True,True
training-event-101,region-5,1455,5.13039228907664,0.3049797035064056,2.0,0.8482501697932209,7,True,True
training-event-101,region-5,1455,5.13039228907664,0.3049797035064056,8.0,0.8482501697932209,13,True,True
training-event-101,region-5,1455,5.13039228907664,0.3049797035064056,24.0,0.8482501697932209,28,True,True
training-event-102,region-0,1936,6.539276347511689,0.6415889570465448,0.5,0.4571182926353521,11,True,True
training-event-102,region-0,1936,6.539276347511689,0.6415889570465448,2.0,0.4571182926353521,20,True,True
training-event-102,region-0,1936,6.539276347511689,0.6415889570465448,8.0,0.4571182926353521,41,True,True
training-event-102,region-0,1936,6.539276347511689,0.6415889570465448,24.0,0.4571182926353521,68,True,True
training-event-102,region-1,618,5.92675866420282,0.440827608101004,0.5,0.4502012343291354,0,True,True
training-event-102,region-1,618,5.92675866420282,0.440827608101004,2.0,0.4502012343291354,0,True,True
training-event-102,region-1,618,5.92675866420282,0.440827608101004,8.0,0.4502012343291354,0,True,True
training-event-102,region-1,618,5.92675866420282,0.440827608101004,24.0,0.4502012343291354,4,True,True
training-event-102,region-2,1293,6.840972049777976,0.7867638856196802,0.5,0.7337988855987303,21,True,True
training-event-102,region-2,1293,6.840972049777976,0.7867638856196802,2.0,0.7337988855987303,36,True,True
training-event-102,region-2,1293,6.840972049777976,0.7867638856196802,8.0,0.7337988855987303,78,True,True
training-event-102,region-2,1293,6.840972049777976,0.7867638856196802,24.0,0.7337988855987303,147,True,True
training-event-102,region-3,1993,6.125290506790802,0.28797540587613685,0.5,0.5724307190085812,7,True,True
training-event-102,region-3,1993,6.125290506790802,0.28797540587613685,2.0,0.5724307190085812,17,True,True
training-event-102,region-3,1993,6.125290506790802,0.28797540587613685,8.0,0.5724307190085812,42,True,True
training-event-102,region-3,1993,6.125290506790802,0.28797540587613685,24.0,0.5724307190085812,83,True,True
training-event-102,region-4,1244,6.08213832026118,0.1839594022354718,0.5,0.5840258893604588,6,True,True
training-event-102,region-4,1244,6.08213832026118,0.1839594022354718,2.0,0.5840258893604588,10,True,True
training-event-102,region-4,1244,6.08213832026118,0.1839594022354718,8.0,0.5840258893604588,19,True,True
training-event-102,region-4,1244,6.08213832026118,0.1839594022354718,24.0,0.5840258893604588,32,True,True
training-event-102,region-5,460,5.117248026832312,0.4243069391398155,0.5,0.8513750248253749,4,True,True
training-event-102,region-5,460,5.117248026832312,0.4243069391398155,2.0,0.8513750248253749,5,True,True
training-event-102,region-5,460,5.117248026832312,0.4243069391398155,8.0,0.8513750248253749,8,True,True
training-event-102,region-5,460,5.117248026832312,0.4243069391398155,24.0,0.8513750248253749,13,True,True
training-event-103,region-0,2752,5.3544112623909506,0.26249955492456445,0.5,0.7263180625470269,3,True,True
training-event-103,region-0,2752,5.3544112623909506,0.26249955492456445,2.0,0.7263180625470269,9,True,True
training-event-103,region-0,2752,5.3544112623909506,0.26249955492456445,8.0,0.7263180625470269,27,True,True
training-event-103,region-0,2752,5.3544112623909506,0.26249955492456445,24.0,0.7263180625470269,54,True,True
training-event-103,region-1,2191,6.535942567208129,0.3581941011339611,0.5,0.49777154712252564,12,True,True
training-event-103,region-1,2191,6.535942567208129,0.3581941011339611,2.0,0.49777154712252564,27,True,True
training-event-103,region-1,2191,6.535942567208129,0.3581941011339611,8.0,0.49777154712252564,57,True,True
training-event-103,region-1,2191,6.535942567208129,0.3581941011339611,24.0,0.49777154712252564,106,True,True
training-event-103,region-2,68,5.091014651824201,0.3627781789256713,0.5,0.5606540554542291,0,True,True
training-event-103,region-2,68,5.091014651824201,0.3627781789256713,2.0,0.5606540554542291,0,True,True
training-event-103,region-2,68,5.091014651824201,0.3627781789256713,8.0,0.5606540554542291,0,True,True
training-event-103,region-2,68,5.091014651824201,0.3627781789256713,24.0,0.5606540554542291,1,True,True
training-event-103,region-3,2751,6.37960886674202,0.23478724987539137,0.5,0.8823478730025853,14,True,True
training-event-103,region-3,2751,6.37960886674202,0.23478724987539137,2.0,0.8823478730025853,28,True,True
training-event-103,region-3,2751,6.37960886674202,0.23478724987539137,8.0,0.8823478730025853,62,True,True
training-event-103,region-3,2751,6.37960886674202,0.23478724987539137,24.0,0.8823478730025853,125,True,True
training-event-103,region-4,2198,5.117483374026652,0.5903794016182418,0.5,0.9756981398856314,19,True,True
training-event-103,region-4,2198,5.117483374026652,0.5903794016182418,2.0,0.9756981398856314,37,True,True
training-event-103,region-4,2198,5.117483374026652,0.5903794016182418,8.0,0.9756981398856314,74,True,True
training-event-103,region-4,2198,5.117483374026652,0.5903794016182418,24.0,0.9756981398856314,137,True,True
training-event-103,region-5,560,5.980190684870145,0.3588138074643974,0.5,0.5452876896875578,1,True,True
training-event-103,region-5,560,5.980190684870145,0.3588138074643974,2.0,0.5452876896875578,4,True,True
training-event-103,region-5,560,5.980190684870145,0.3588138074643974,8.0,0.5452876896875578,7,True,True
training-event-103,region-5,560,5.980190684870145,0.3588138074643974,24.0,0.5452876896875578,14,True,True
training-event-104,region-0,3410,5.675013040869016,0.5743670805625046,0.5,0.8788769307676547,17,True,True
training-event-104,region-0,3410,5.675013040869016,0.5743670805625046,2.0,0.8788769307676547,38,True,True
training-event-104,region-0,3410,5.675013040869016,0.5743670805625046,8.0,0.8788769307676547,78,True,True
training-event-104,region-0,3410,5.675013040869016,0.5743670805625046,24.0,0.8788769307676547,140,True,True
training-event-104,region-1,3305,5.188857533248473,0.494834279397964,0.5,0.9453761761110335,17,True,True
training-event-104,region-1,3305,5.188857533248473,0.494834279397964,2.0,0.9453761761110335,37,True,True
training-event-104,region-1,3305,5.188857533248473,0.494834279397964,8.0,0.9453761761110335,73,True,True
training-event-104,region-1,3305,5.188857533248473,0.494834279397964,24.0,0.9453761761110335,127,True,True
training-event-104,region-2,804,4.7493766841652425,0.20156461790898586,0.5,0.9625363185478057,4,True,True
training-event-104,region-2,804,4.7493766841652425,0.20156461790898586,2.0,0.9625363185478057,6,True,True
training-event-104,region-2,804,4.7493766841652425,0.20156461790898586,8.0,0.9625363185478057,12,True,True
training-event-104,region-2,804,4.7493766841652425,0.20156461790898586,24.0,0.9625363185478057,23,True,True
training-event-104,region-3,2698,5.152659531499754,0.26507155787096554,0.5,0.591033056818746,3,True,True
training-event-104,region-3,2698,5.152659531499754,0.26507155787096554,2.0,0.591033056818746,8,True,True
training-event-104,region-3,2698,5.152659531499754,0.26507155787096554,8.0,0.591033056818746,11,True,True
training-event-104,region-3,2698,5.152659531499754,0.26507155787096554,24.0,0.591033056818746,18,True,True
training-event-104,region-4,3148,5.6171140760989955,0.23641807592254638,0.5,0.6191890236146147,6,True,True
training-event-104,region-4,3148,5.6171140760989955,0.23641807592254638,2.0,0.6191890236146147,6,True,True
training-event-104,region-4,3148,5.6171140760989955,0.23641807592254638,8.0,0.6191890236146147,12,True,True
training-event-104,region-4,3148,5.6171140760989955,0.23641807592254638,24.0,0.6191890236146147,24,True,True
training-event-104,region-5,1900,5.679900399265364,0.02,0.5,0.9041482054298097,11,True,True
training-event-104,region-5,1900,5.679900399265364,0.02,2.0,0.9041482054298097,23,True,True
training-event-104,region-5,1900,5.679900399265364,0.02,8.0,0.9041482054298097,47,True,True
training-event-104,region-5,1900,5.679900399265364,0.02,24.0,0.9041482054298097,90,True,True
training-event-105,region-0,3395,6.101294624079179,0.6139247084969156,0.5,0.915812354625653,15,True,True
training-event-105,region-0,3395,6.101294624079179,0.6139247084969156,2.0,0.915812354625653,39,True,True
training-event-105,region-0,3395,6.101294624079179,0.6139247084969156,8.0,0.915812354625653,85,True,True
training-event-105,region-0,3395,6.101294624079179,0.6139247084969156,24.0,0.915812354625653,142,True,True
training-event-105,region-1,2165,5.874142039217672,0.038880241887517375,0.5,0.7232928107297942,6,True,True
training-event-105,region-1,2165,5.874142039217672,0.038880241887517375,2.0,0.7232928107297942,12,True,True
training-event-105,region-1,2165,5.874142039217672,0.038880241887517375,8.0,0.7232928107297942,38,True,True
training-event-105,region-1,2165,5.874142039217672,0.038880241887517375,24.0,0.7232928107297942,61,True,True
training-event-105,region-2,3212,6.230977814127106,0.4835500758108163,0.5,0.48970453359696164,8,True,True
training-event-105,region-2,3212,6.230977814127106,0.4835500758108163,2.0,0.48970453359696164,11,True,True
training-event-105,region-2,3212,6.230977814127106,0.4835500758108163,8.0,0.48970453359696164,21,True,True
training-event-105,region-2,3212,6.230977814127106,0.4835500758108163,24.0,0.48970453359696164,57,True,True
training-event-105,region-3,733,5.969339735137163,0.36104657355838116,0.5,0.6233436969217327,2,True,True
training-event-105,region-3,733,5.969339735137163,0.36104657355838116,2.0,0.6233436969217327,3,True,True
training-event-105,region-3,733,5.969339735137163,0.36104657355838116,8.0,0.6233436969217327,8,True,True
training-event-105,region-3,733,5.969339735137163,0.36104657355838116,24.0,0.6233436969217327,23,True,True
training-event-105,region-4,862,5.080858058487956,0.15220400677463644,0.5,0.8084713868793909,2,True,True
training-event-105,region-4,862,5.080858058487956,0.15220400677463644,2.0,0.8084713868793909,4,True,True
training-event-105,region-4,862,5.080858058487956,0.15220400677463644,8.0,0.8084713868793909,7,True,True
training-event-105,region-4,862,5.080858058487956,0.15220400677463644,24.0,0.8084713868793909,19,True,True
training-event-105,region-5,1180,5.62800059759083,0.02,0.5,0.5964480614819334,2,True,True
training-event-105,region-5,1180,5.62800059759083,0.02,2.0,0.5964480614819334,4,True,True
training-event-105,region-5,1180,5.62800059759083,0.02,8.0,0.5964480614819334,11,True,True
training-event-105,region-5,1180,5.62800059759083,0.02,24.0,0.5964480614819334,17,True,True
training-event-106,region-0,1741,5.905360450875687,0.47145221469110243,0.5,0.5114510236763804,9,True,True
training-event-106,region-0,1741,5.905360450875687,0.47145221469110243,2.0,0.5114510236763804,17,True,True
training-event-106,region-0,1741,5.905360450875687,0.47145221469110243,8.0,0.5114510236763804,34,True,True
training-event-106,region-0,1741,5.905360450875687,0.47145221469110243,24.0,0.5114510236763804,53,True,True
training-event-106,region-1,1665,4.952214524732208,0.47335310417768606,0.5,0.8325283056655433,11,True,True
training-event-106,region-1,1665,4.952214524732208,0.47335310417768606,2.0,0.8325283056655433,23,True,True
training-event-106,region-1,1665,4.952214524732208,0.47335310417768606,8.0,0.8325283056655433,37,True,True
training-event-106,region-1,1665,4.952214524732208,0.47335310417768606,24.0,0.8325283056655433,65,True,True
training-event-106,region-2,361,4.882549343900134,0.06671068590756683,0.5,0.834148287222272,2,True,True
training-event-106,region-2,361,4.882549343900134,0.06671068590756683,2.0,0.834148287222272,5,True,True
training-event-106,region-2,361,4.882549343900134,0.06671068590756683,8.0,0.834148287222272,8,True,True
training-event-106,region-2,361,4.882549343900134,0.06671068590756683,24.0,0.834148287222272,16,True,True
training-event-106,region-3,1417,6.562901702340259,0.37390962424799323,0.5,0.41032364835840696,4,True,True
training-event-106,region-3,1417,6.562901702340259,0.37390962424799323,2.0,0.41032364835840696,9,True,True
training-event-106,region-3,1417,6.562901702340259,0.37390962424799323,8.0,0.41032364835840696,17,True,True
training-event-106,region-3,1417,6.562901702340259,0.37390962424799323,24.0,0.41032364835840696,44,True,True
training-event-106,region-4,592,4.0,0.028724402343787907,0.5,0.47761182911523226,3,True,True
training-event-106,region-4,592,4.0,0.028724402343787907,2.0,0.47761182911523226,3,True,True
training-event-106,region-4,592,4.0,0.028724402343787907,8.0,0.47761182911523226,4,True,True
training-event-106,region-4,592,4.0,0.028724402343787907,24.0,0.47761182911523226,10,True,True
training-event-106,region-5,1804,4.247639584371111,0.02,0.5,0.9283882318915578,1,True,True
training-event-106,region-5,1804,4.247639584371111,0.02,2.0,0.9283882318915578,4,True,True
training-event-106,region-5,1804,4.247639584371111,0.02,8.0,0.9283882318915578,12,True,True
training-event-106,region-5,1804,4.247639584371111,0.02,24.0,0.9283882318915578,22,True,True
training-event-107,region-0,3241,5.396980985014642,0.2990868017480421,0.5,0.6440185648123254,9,True,True
training-event-107,region-0,3241,5.396980985014642,0.2990868017480421,2.0,0.6440185648123254,16,True,True
training-event-107,region-0,3241,5.396980985014642,0.2990868017480421,8.0,0.6440185648123254,32,True,True
training-event-107,region-0,3241,5.396980985014642,0.2990868017480421,24.0,0.6440185648123254,54,True,True
training-event-107,region-1,112,5.89403261565633,0.2944188129162943,0.5,0.5645278184775904,0,True,True
training-event-107,region-1,112,5.89403261565633,0.2944188129162943,2.0,0.5645278184775904,0,True,True
training-event-107,region-1,112,5.89403261565633,0.2944188129162943,8.0,0.5645278184775904,0,True,True
training-event-107,region-1,112,5.89403261565633,0.2944188129162943,24.0,0.5645278184775904,0,True,True
training-event-107,region-2,2160,4.243222176457282,0.12388544090849342,0.5,0.4519360674022871,1,True,True
training-event-107,region-2,2160,4.243222176457282,0.12388544090849342,2.0,0.4519360674022871,4,True,True
training-event-107,region-2,2160,4.243222176457282,0.12388544090849342,8.0,0.4519360674022871,8,True,True
training-event-107,region-2,2160,4.243222176457282,0.12388544090849342,24.0,0.4519360674022871,16,True,True
training-event-107,region-3,969,4.586752153064257,0.02,0.5,0.9148388969963522,1,True,True
training-event-107,region-3,969,4.586752153064257,0.02,2.0,0.9148388969963522,3,True,True
training-event-107,region-3,969,4.586752153064257,0.02,8.0,0.9148388969963522,8,True,True
training-event-107,region-3,969,4.586752153064257,0.02,24.0,0.9148388969963522,21,True,True
training-event-107,region-4,2852,5.490986771504225,0.14634385621165322,0.5,0.7625818452734698,5,True,True
training-event-107,region-4,2852,5.490986771504225,0.14634385621165322,2.0,0.7625818452734698,15,True,True
training-event-107,region-4,2852,5.490986771504225,0.14634385621165322,8.0,0.7625818452734698,27,True,True
training-event-107,region-4,2852,5.490986771504225,0.14634385621165322,24.0,0.7625818452734698,51,True,True
training-event-107,region-5,2620,5.468953088618111,0.23989806705698474,0.5,0.4304388816731336,2,True,True
training-event-107,region-5,2620,5.468953088618111,0.23989806705698474,2.0,0.4304388816731336,11,True,True
training-event-107,region-5,2620,5.468953088618111,0.23989806705698474,8.0,0.4304388816731336,24,True,True
training-event-107,region-5,2620,5.468953088618111,0.23989806705698474,24.0,0.4304388816731336,31,True,True
training-event-108,region-0,3098,6.369316496157841,0.5034210458051037,0.5,0.7602599564813859,2,True,True
training-event-108,region-0,3098,6.369316496157841,0.5034210458051037,2.0,0.7602599564813859,7,True,True
training-event-108,region-0,3098,6.369316496157841,0.5034210458051037,8.0,0.7602599564813859,26,True,True
training-event-108,region-0,3098,6.369316496157841,0.5034210458051037,24.0,0.7602599564813859,43,True,True
training-event-108,region-1,664,6.0196328680955995,0.542275303829741,0.5,0.6755263887294274,3,True,True
training-event-108,region-1,664,6.0196328680955995,0.542275303829741,2.0,0.6755263887294274,7,True,True
training-event-108,region-1,664,6.0196328680955995,0.542275303829741,8.0,0.6755263887294274,9,True,True
training-event-108,region-1,664,6.0196328680955995,0.542275303829741,24.0,0.6755263887294274,14,True,True
training-event-108,region-2,1403,6.2514200280935235,0.4994762166298652,0.5,0.9326119151402098,11,True,True
training-event-108,region-2,1403,6.2514200280935235,0.4994762166298652,2.0,0.9326119151402098,20,True,True
training-event-108,region-2,1403,6.2514200280935235,0.4994762166298652,8.0,0.9326119151402098,47,True,True
training-event-108,region-2,1403,6.2514200280935235,0.4994762166298652,24.0,0.9326119151402098,92,True,True
training-event-108,region-3,685,8.155156837399524,0.8975563210943355,0.5,0.7358576751241587,8,True,True
training-event-108,region-3,685,8.155156837399524,0.8975563210943355,2.0,0.7358576751241587,23,True,True
training-event-108,region-3,685,8.155156837399524,0.8975563210943355,8.0,0.7358576751241587,54,True,True
training-event-108,region-3,685,8.155156837399524,0.8975563210943355,24.0,0.7358576751241587,98,True,True
training-event-108,region-4,709,6.967124004309534,0.43583526336580497,0.5,0.48261374006718205,0,True,True
training-event-108,region-4,709,6.967124004309534,0.43583526336580497,2.0,0.48261374006718205,3,True,True
training-event-108,region-4,709,6.967124004309534,0.43583526336580497,8.0,0.48261374006718205,6,True,True
training-event-108,region-4,709,6.967124004309534,0.43583526336580497,24.0,0.48261374006718205,17,True,True
training-event-108,region-5,2234,6.150352311529683,0.09859992161977926,0.5,0.4173036286636613,8,True,True
training-event-108,region-5,2234,6.150352311529683,0.09859992161977926,2.0,0.4173036286636613,15,True,True
training-event-108,region-5,2234,6.150352311529683,0.09859992161977926,8.0,0.4173036286636613,36,True,True
training-event-108,region-5,2234,6.150352311529683,0.09859992161977926,24.0,0.4173036286636613,63,True,True
training-event-109,region-0,2705,5.342507805656234,0.42319219915332107,0.5,0.42470551155231345,9,True,True
training-event-109,region-0,2705,5.342507805656234,0.42319219915332107,2.0,0.42470551155231345,20,True,True
training-event-109,region-0,2705,5.342507805656234,0.42319219915332107,8.0,0.42470551155231345,40,True,True
training-event-109,region-0,2705,5.342507805656234,0.42319219915332107,24.0,0.42470551155231345,72,True,True
training-event-109,region-1,328,4.357004666870763,0.02,0.5,0.7935050906147743,0,True,True
training-event-109,region-1,328,4.357004666870763,0.02,2.0,0.7935050906147743,1,True,True
training-event-109,region-1,328,4.357004666870763,0.02,8.0,0.7935050906147743,1,True,True
training-event-109,region-1,328,4.357004666870763,0.02,24.0,0.7935050906147743,4,True,True
training-event-109,region-2,276,5.975887142841595,0.37823288635015295,0.5,0.5965757068836522,1,True,True
training-event-109,region-2,276,5.975887142841595,0.37823288635015295,2.0,0.5965757068836522,1,True,True
training-event-109,region-2,276,5.975887142841595,0.37823288635015295,8.0,0.5965757068836522,3,True,True
training-event-109,region-2,276,5.975887142841595,0.37823288635015295,24.0,0.5965757068836522,9,True,True
training-event-109,region-3,1505,4.230829507477251,0.02,0.5,0.5664920138554395,4,True,True
training-event-109,region-3,1505,4.230829507477251,0.02,2.0,0.5664920138554395,8,True,True
training-event-109,region-3,1505,4.230829507477251,0.02,8.0,0.5664920138554395,13,True,True
training-event-109,region-3,1505,4.230829507477251,0.02,24.0,0.5664920138554395,21,True,True
training-event-109,region-4,2543,5.281386162967641,0.4121871680476312,0.5,0.8326297733884879,11,True,True
training-event-109,region-4,2543,5.281386162967641,0.4121871680476312,2.0,0.8326297733884879,21,True,True
training-event-109,region-4,2543,5.281386162967641,0.4121871680476312,8.0,0.8326297733884879,38,True,True
training-event-109,region-4,2543,5.281386162967641,0.4121871680476312,24.0,0.8326297733884879,74,True,True
training-event-109,region-5,2135,4.989854364123749,0.13027432115642043,0.5,0.6854522896280157,12,True,True
training-event-109,region-5,2135,4.989854364123749,0.13027432115642043,2.0,0.6854522896280157,20,True,True
training-event-109,region-5,2135,4.989854364123749,0.13027432115642043,8.0,0.6854522896280157,45,True,True
training-event-109,region-5,2135,4.989854364123749,0.13027432115642043,24.0,0.6854522896280157,84,True,True
training-event-110,region-0,2551,6.551017694325467,0.6216368902372753,0.5,0.7819309208036729,26,True,True
training-event-110,region-0,2551,6.551017694325467,0.6216368902372753,2.0,0.7819309208036729,46,True,True
training-event-110,region-0,2551,6.551017694325467,0.6216368902372753,8.0,0.7819309208036729,112,True,True
training-event-110,region-0,2551,6.551017694325467,0.6216368902372753,24.0,0.7819309208036729,196,True,True
training-event-110,region-1,1859,7.455534311494708,0.5385105857677707,0.5,0.9016719856726944,26,True,True
training-event-110,region-1,1859,7.455534311494708,0.5385105857677707,2.0,0.9016719856726944,46,True,True
training-event-110,region-1,1859,7.455534311494708,0.5385105857677707,8.0,0.9016719856726944,118,True,True
training-event-110,region-1,1859,7.455534311494708,0.5385105857677707,24.0,0.9016719856726944,202,True,True
training-event-110,region-2,1444,7.753270426084098,0.41208592156654705,0.5,0.5120621122989704,2,True,True
training-event-110,region-2,1444,7.753270426084098,0.41208592156654705,2.0,0.5120621122989704,10,True,True
training-event-110,region-2,1444,7.753270426084098,0.41208592156654705,8.0,0.5120621122989704,25,True,True
training-event-110,region-2,1444,7.753270426084098,0.41208592156654705,24.0,0.5120621122989704,71,True,True
training-event-110,region-3,944,5.723182293410141,0.5222569185288135,0.5,0.5045993367261001,0,True,True
training-event-110,region-3,944,5.723182293410141,0.5222569185288135,2.0,0.5045993367261001,4,True,True
training-event-110,region-3,944,5.723182293410141,0.5222569185288135,8.0,0.5045993367261001,9,True,True
training-event-110,region-3,944,5.723182293410141,0.5222569185288135,24.0,0.5045993367261001,16,True,True
training-event-110,region-4,2685,7.0343314047764025,0.684916941495739,0.5,0.5200960765120161,23,True,True
training-event-110,region-4,2685,7.0343314047764025,0.684916941495739,2.0,0.5200960765120161,51,True,True
training-event-110,region-4,2685,7.0343314047764025,0.684916941495739,8.0,0.5200960765120161,113,True,True
training-event-110,region-4,2685,7.0343314047764025,0.684916941495739,24.0,0.5200960765120161,219,True,True
training-event-110,region-5,447,7.3079792558554715,0.7025924351627174,0.5,0.5680199507065082,0,True,True
training-event-110,region-5,447,7.3079792558554715,0.7025924351627174,2.0,0.5680199507065082,0,True,True
training-event-110,region-5,447,7.3079792558554715,0.7025924351627174,8.0,0.5680199507065082,4,True,True
training-event-110,region-5,447,7.3079792558554715,0.7025924351627174,24.0,0.5680199507065082,14,True,True
training-event-111,region-0,3143,6.8974157291931,0.7415142920839971,0.5,0.5048314899942017,27,True,True
training-event-111,region-0,3143,6.8974157291931,0.7415142920839971,2.0,0.5048314899942017,49,True,True
training-event-111,region-0,3143,6.8974157291931,0.7415142920839971,8.0,0.5048314899942017,94,True,True
training-event-111,region-0,3143,6.8974157291931,0.7415142920839971,24.0,0.5048314899942017,176,True,True
training-event-111,region-1,3303,4.85850031423636,0.26478412347634184,0.5,0.9839666361708651,14,True,True
training-event-111,region-1,3303,4.85850031423636,0.26478412347634184,2.0,0.9839666361708651,19,True,True
training-event-111,region-1,3303,4.85850031423636,0.26478412347634184,8.0,0.9839666361708651,48,True,True
training-event-111,region-1,3303,4.85850031423636,0.26478412347634184,24.0,0.9839666361708651,87,True,True
training-event-111,region-2,1046,4.954728461733083,0.3855760629610442,0.5,0.6919113478957839,4,True,True
training-event-111,region-2,1046,4.954728461733083,0.3855760629610442,2.0,0.6919113478957839,11,True,True
training-event-111,region-2,1046,4.954728461733083,0.3855760629610442,8.0,0.6919113478957839,24,True,True
training-event-111,region-2,1046,4.954728461733083,0.3855760629610442,24.0,0.6919113478957839,36,True,True
training-event-111,region-3,1635,4.469533977553996,0.17850189660569504,0.5,0.9640552963968485,10,True,True
training-event-111,region-3,1635,4.469533977553996,0.17850189660569504,2.0,0.9640552963968485,15,True,True
training-event-111,region-3,1635,4.469533977553996,0.17850189660569504,8.0,0.9640552963968485,40,True,True
training-event-111,region-3,1635,4.469533977553996,0.17850189660569504,24.0,0.9640552963968485,62,True,True
training-event-111,region-4,1492,6.937569083437786,0.9582066151099692,0.5,0.4475125763195047,9,True,True
training-event-111,region-4,1492,6.937569083437786,0.9582066151099692,2.0,0.4475125763195047,25,True,True
training-event-111,region-4,1492,6.937569083437786,0.9582066151099692,8.0,0.4475125763195047,53,True,True
training-event-111,region-4,1492,6.937569083437786,0.9582066151099692,24.0,0.4475125763195047,97,True,True
training-event-111,region-5,1899,5.904814354867523,0.591573290429889,0.5,0.7491019238956329,10,True,True
training-event-111,region-5,1899,5.904814354867523,0.591573290429889,2.0,0.7491019238956329,22,True,True
training-event-111,region-5,1899,5.904814354867523,0.591573290429889,8.0,0.7491019238956329,39,True,True
training-event-111,region-5,1899,5.904814354867523,0.591573290429889,24.0,0.7491019238956329,85,True,True
training-event-112,region-0,1894,6.2791838137640905,0.44716613766688695,0.5,0.8286051360020339,11,True,True
training-event-112,region-0,1894,6.2791838137640905,0.44716613766688695,2.0,0.8286051360020339,20,True,True
training-event-112,region-0,1894,6.2791838137640905,0.44716613766688695,8.0,0.8286051360020339,38,True,True
training-event-112,region-0,1894,6.2791838137640905,0.44716613766688695,24.0,0.8286051360020339,65,True,True
training-event-112,region-1,2008,4.9005335193279596,0.23293329535193402,0.5,0.7289556356419609,3,True,True
training-event-112,region-1,2008,4.9005335193279596,0.23293329535193402,2.0,0.7289556356419609,6,True,True
training-event-112,region-1,2008,4.9005335193279596,0.23293329535193402,8.0,0.7289556356419609,16,True,True
training-event-112,region-1,2008,4.9005335193279596,0.23293329535193402,24.0,0.7289556356419609,28,True,True
training-event-112,region-2,459,4.417937527793843,0.25772666632909313,0.5,0.5509438469425485,1,True,True
training-event-112,region-2,459,4.417937527793843,0.25772666632909313,2.0,0.5509438469425485,3,True,True
training-event-112,region-2,459,4.417937527793843,0.25772666632909313,8.0,0.5509438469425485,4,True,True
training-event-112,region-2,459,4.417937527793843,0.25772666632909313,24.0,0.5509438469425485,8,True,True
training-event-112,region-3,1885,5.698247135822348,0.5443250087249195,0.5,0.8275852497144577,18,True,True
training-event-112,region-3,1885,5.698247135822348,0.5443250087249195,2.0,0.8275852497144577,34,True,True
training-event-112,region-3,1885,5.698247135822348,0.5443250087249195,8.0,0.8275852497144577,63,True,True
training-event-112,region-3,1885,5.698247135822348,0.5443250087249195,24.0,0.8275852497144577,109,True,True
training-event-112,region-4,1564,4.528131084629737,0.02,0.5,0.5766024585001575,0,True,True
training-event-112,region-4,1564,4.528131084629737,0.02,2.0,0.5766024585001575,3,True,True
training-event-112,region-4,1564,4.528131084629737,0.02,8.0,0.5766024585001575,6,True,True
training-event-112,region-4,1564,4.528131084629737,0.02,24.0,0.5766024585001575,14,True,True
training-event-112,region-5,368,4.857093318438282,0.3809834506570526,0.5,0.44216786533457064,0,True,True
training-event-112,region-5,368,4.857093318438282,0.3809834506570526,2.0,0.44216786533457064,0,True,True
training-event-112,region-5,368,4.857093318438282,0.3809834506570526,8.0,0.44216786533457064,1,True,True
training-event-112,region-5,368,4.857093318438282,0.3809834506570526,24.0,0.44216786533457064,3,True,True
training-event-113,region-0,2987,6.43876971313291,0.4283178323656792,0.5,0.543422217038551,14,True,True
training-event-113,region-0,2987,6.43876971313291,0.4283178323656792,2.0,0.543422217038551,22,True,True
training-event-113,region-0,2987,6.43876971313291,0.4283178323656792,8.0,0.543422217038551,36,True,True
training-event-113,region-0,2987,6.43876971313291,0.4283178323656792,24.0,0.543422217038551,61,True,True
training-event-113,region-1,995,5.081173981867346,0.25684479333662835,0.5,0.7279534101102666,5,True,True
training-event-113,region-1,995,5.081173981867346,0.25684479333662835,2.0,0.7279534101102666,10,True,True
training-event-113,region-1,995,5.081173981867346,0.25684479333662835,8.0,0.7279534101102666,14,True,True
training-event-113,region-1,995,5.081173981867346,0.25684479333662835,24.0,0.7279534101102666,22,True,True
training-event-113,region-2,1382,5.799232704577369,0.696490585837509,0.5,0.43441698724928124,4,True,True
training-event-113,region-2,1382,5.799232704577369,0.696490585837509,2.0,0.43441698724928124,8,True,True
training-event-113,region-2,1382,5.799232704577369,0.696490585837509,8.0,0.43441698724928124,16,True,True
training-event-113,region-2,1382,5.799232704577369,0.696490585837509,24.0,0.43441698724928124,28,True,True
training-event-113,region-3,926,6.557577855325281,0.07543296633519181,0.5,0.5753412187702701,4,True,True
training-event-113,region-3,926,6.557577855325281,0.07543296633519181,2.0,0.5753412187702701,10,True,True
training-event-113,region-3,926,6.557577855325281,0.07543296633519181,8.0,0.5753412187702701,16,True,True
training-event-113,region-3,926,6.557577855325281,0.07543296633519181,24.0,0.5753412187702701,30,True,True
training-event-113,region-4,3162,4.779038423746049,0.20301277580151383,0.5,0.6803641784211996,14,True,True
training-event-113,region-4,3162,4.779038423746049,0.20301277580151383,2.0,0.6803641784211996,27,True,True
training-event-113,region-4,3162,4.779038423746049,0.20301277580151383,8.0,0.6803641784211996,58,True,True
training-event-113,region-4,3162,4.779038423746049,0.20301277580151383,24.0,0.6803641784211996,100,True,True
training-event-113,region-5,2492,4.747778489751978,0.08605409053764684,0.5,0.7067849343993731,10,True,True
training-event-113,region-5,2492,4.747778489751978,0.08605409053764684,2.0,0.7067849343993731,14,True,True
training-event-113,region-5,2492,4.747778489751978,0.08605409053764684,8.0,0.7067849343993731,31,True,True
training-event-113,region-5,2492,4.747778489751978,0.08605409053764684,24.0,0.7067849343993731,55,True,True
training-event-114,region-0,3192,4.6849413583803505,0.13715610450037033,0.5,0.7305846350903762,5,True,True
training-event-114,region-0,3192,4.6849413583803505,0.13715610450037033,2.0,0.7305846350903762,11,True,True
training-event-114,region-0,3192,4.6849413583803505,0.13715610450037033,8.0,0.7305846350903762,20,True,True
training-event-114,region-0,3192,4.6849413583803505,0.13715610450037033,24.0,0.7305846350903762,43,True,True
training-event-114,region-1,81,4.923988851081514,0.2133249899793009,0.5,0.8984432115987275,0,True,True
training-event-114,region-1,81,4.923988851081514,0.2133249899793009,2.0,0.8984432115987275,1,True,True
training-event-114,region-1,81,4.923988851081514,0.2133249899793009,8.0,0.8984432115987275,1,True,True
training-event-114,region-1,81,4.923988851081514,0.2133249899793009,24.0,0.8984432115987275,1,True,True
training-event-114,region-2,912,4.002945834630746,0.08383113328431156,0.5,0.9856269975857641,2,True,True
training-event-114,region-2,912,4.002945834630746,0.08383113328431156,2.0,0.9856269975857641,3,True,True
training-event-114,region-2,912,4.002945834630746,0.08383113328431156,8.0,0.9856269975857641,5,True,True
training-event-114,region-2,912,4.002945834630746,0.08383113328431156,24.0,0.9856269975857641,8,True,True
training-event-114,region-3,2971,5.389753969189782,0.11881727199307993,0.5,0.8834007221906974,16,True,True
training-event-114,region-3,2971,5.389753969189782,0.11881727199307993,2.0,0.8834007221906974,31,True,True
training-event-114,region-3,2971,5.389753969189782,0.11881727199307993,8.0,0.8834007221906974,60,True,True
training-event-114,region-3,2971,5.389753969189782,0.11881727199307993,24.0,0.8834007221906974,118,True,True
training-event-114,region-4,1021,4.0,0.09309632395594675,0.5,0.47176662505370714,1,True,True
training-event-114,region-4,1021,4.0,0.09309632395594675,2.0,0.47176662505370714,1,True,True
training-event-114,region-4,1021,4.0,0.09309632395594675,8.0,0.47176662505370714,6,True,True
training-event-114,region-4,1021,4.0,0.09309632395594675,24.0,0.47176662505370714,11,True,True
training-event-114,region-5,780,4.46375544358737,0.23429034975576207,0.5,0.46104081752992265,0,True,True
training-event-114,region-5,780,4.46375544358737,0.23429034975576207,2.0,0.46104081752992265,0,True,True
training-event-114,region-5,780,4.46375544358737,0.23429034975576207,8.0,0.46104081752992265,0,True,True
training-event-114,region-5,780,4.46375544358737,0.23429034975576207,24.0,0.46104081752992265,2,True,True
training-event-115,region-0,946,7.648445906962758,0.546996892526872,0.5,0.866808681144192,10,True,True
training-event-115,region-0,946,7.648445906962758,0.546996892526872,2.0,0.866808681144192,18,True,True
training-event-115,region-0,946,7.648445906962758,0.546996892526872,8.0,0.866808681144192,46,True,True
training-event-115,region-0,946,7.648445906962758,0.546996892526872,24.0,0.866808681144192,72,True,True
training-event-115,region-1,1814,5.924556789897953,0.33890949205921866,0.5,0.9835004060466273,9,True,True
training-event-115,region-1,1814,5.924556789897953,0.33890949205921866,2.0,0.9835004060466273,17,True,True
training-event-115,region-1,1814,5.924556789897953,0.33890949205921866,8.0,0.9835004060466273,41,True,True
training-event-115,region-1,1814,5.924556789897953,0.33890949205921866,24.0,0.9835004060466273,75,True,True
training-event-115,region-2,3002,6.921155248463977,0.98,0.5,0.804417357593681,43,True,True
training-event-115,region-2,3002,6.921155248463977,0.98,2.0,0.804417357593681,92,True,True
training-event-115,region-2,3002,6.921155248463977,0.98,8.0,0.804417357593681,184,True,True
training-event-115,region-2,3002,6.921155248463977,0.98,24.0,0.804417357593681,339,True,True
training-event-115,region-3,332,7.277580082160283,0.5344454773865762,0.5,0.8822343667870876,6,True,True
training-event-115,region-3,332,7.277580082160283,0.5344454773865762,2.0,0.8822343667870876,10,True,True
training-event-115,region-3,332,7.277580082160283,0.5344454773865762,8.0,0.8822343667870876,27,True,True
training-event-115,region-3,332,7.277580082160283,0.5344454773865762,24.0,0.8822343667870876,45,True,True
training-event-115,region-4,1907,6.6968400431188515,0.6418235175432563,0.5,0.570862569007306,14,True,True
training-event-115,region-4,1907,6.6968400431188515,0.6418235175432563,2.0,0.570862569007306,24,True,True
training-event-115,region-4,1907,6.6968400431188515,0.6418235175432563,8.0,0.570862569007306,54,True,True
training-event-115,region-4,1907,6.6968400431188515,0.6418235175432563,24.0,0.570862569007306,108,True,True
training-event-115,region-5,3051,6.752981789721312,0.5643008745645117,0.5,0.5631682857244598,24,True,True
training-event-115,region-5,3051,6.752981789721312,0.5643008745645117,2.0,0.5631682857244598,59,True,True
training-event-115,region-5,3051,6.752981789721312,0.5643008745645117,8.0,0.5631682857244598,101,True,True
training-event-115,region-5,3051,6.752981789721312,0.5643008745645117,24.0,0.5631682857244598,178,True,True
training-event-116,region-0,3095,7.568794336704557,0.6284574420244267,0.5,0.8149335191245807,32,True,True
training-event-116,region-0,3095,7.568794336704557,0.6284574420244267,2.0,0.8149335191245807,77,True,True
training-event-116,region-0,3095,7.568794336704557,0.6284574420244267,8.0,0.8149335191245807,175,True,True
training-event-116,region-0,3095,7.568794336704557,0.6284574420244267,24.0,0.8149335191245807,319,True,True
training-event-116,region-1,333,9.0,0.98,0.5,0.6098966095351077,8,True,True
training-event-116,region-1,333,9.0,0.98,2.0,0.6098966095351077,11,True,True
training-event-116,region-1,333,9.0,0.98,8.0,0.6098966095351077,19,True,True
training-event-116,region-1,333,9.0,0.98,24.0,0.6098966095351077,50,True,True
training-event-116,region-2,1308,7.604152070092597,0.9609068760671231,0.5,0.4095132817867653,23,True,True
training-event-116,region-2,1308,7.604152070092597,0.9609068760671231,2.0,0.4095132817867653,40,True,True
training-event-116,region-2,1308,7.604152070092597,0.9609068760671231,8.0,0.4095132817867653,83,True,True
training-event-116,region-2,1308,7.604152070092597,0.9609068760671231,24.0,0.4095132817867653,162,True,True
training-event-116,region-3,1286,8.846573991286244,0.8279266176863124,0.5,0.5455492839810627,19,True,True
training-event-116,region-3,1286,8.846573991286244,0.8279266176863124,2.0,0.5455492839810627,38,True,True
training-event-116,region-3,1286,8.846573991286244,0.8279266176863124,8.0,0.5455492839810627,90,True,True
training-event-116,region-3,1286,8.846573991286244,0.8279266176863124,24.0,0.5455492839810627,179,True,True
training-event-116,region-4,1097,8.252183099175634,0.98,0.5,0.6586215147318534,34,True,True
training-event-116,region-4,1097,8.252183099175634,0.98,2.0,0.6586215147318534,55,True,True
training-event-116,region-4,1097,8.252183099175634,0.98,8.0,0.6586215147318534,130,True,True
training-event-116,region-4,1097,8.252183099175634,0.98,24.0,0.6586215147318534,236,True,True
training-event-116,region-5,739,9.0,0.8556161875161757,0.5,0.9168626609552378,39,True,True
training-event-116,region-5,739,9.0,0.8556161875161757,2.0,0.9168626609552378,74,True,True
training-event-116,region-5,739,9.0,0.8556161875161757,8.0,0.9168626609552378,139,True,True
training-event-116,region-5,739,9.0,0.8556161875161757,24.0,0.9168626609552378,260,True,True
training-event-117,region-0,3366,6.503975209687377,0.5966795268741366,0.5,0.8312780405600306,37,True,True
training-event-117,region-0,3366,6.503975209687377,0.5966795268741366,2.0,0.8312780405600306,78,True,True
training-event-117,region-0,3366,6.503975209687377,0.5966795268741366,8.0,0.8312780405600306,148,True,True
training-event-117,region-0,3366,6.503975209687377,0.5966795268741366,24.0,0.8312780405600306,253,True,True
training-event-117,region-1,3106,8.28741652180596,0.98,0.5,0.581342811776749,39,True,True
training-event-117,region-1,3106,8.28741652180596,0.98,2.0,0.581342811776749,83,True,True
training-event-117,region-1,3106,8.28741652180596,0.98,8.0,0.581342811776749,172,True,True
training-event-117,region-1,3106,8.28741652180596,0.98,24.0,0.581342811776749,297,True,True
training-event-117,region-2,2868,7.197599685682698,0.7883978329296661,0.5,0.9264071201290923,32,True,True
training-event-117,region-2,2868,7.197599685682698,0.7883978329296661,2.0,0.9264071201290923,67,True,True
training-event-117,region-2,2868,7.197599685682698,0.7883978329296661,8.0,0.9264071201290923,138,True,True
training-event-117,region-2,2868,7.197599685682698,0.7883978329296661,24.0,0.9264071201290923,263,True,True
training-event-117,region-3,1612,7.240361558600879,0.9081968903025066,0.5,0.7023574467040126,19,True,True
training-event-117,region-3,1612,7.240361558600879,0.9081968903025066,2.0,0.7023574467040126,48,True,True
training-event-117,region-3,1612,7.240361558600879,0.9081968903025066,8.0,0.7023574467040126,78,True,True
training-event-117,region-3,1612,7.240361558600879,0.9081968903025066,24.0,0.7023574467040126,148,True,True
training-event-117,region-4,2466,6.497573809660298,0.5714212659669939,0.5,0.41648591479071445,4,True,True
training-event-117,region-4,2466,6.497573809660298,0.5714212659669939,2.0,0.41648591479071445,11,True,True
training-event-117,region-4,2466,6.497573809660298,0.5714212659669939,8.0,0.41648591479071445,27,True,True
training-event-117,region-4,2466,6.497573809660298,0.5714212659669939,24.0,0.41648591479071445,60,True,True
training-event-117,region-5,1798,7.30976456889444,0.7185411679604867,0.5,0.5877082555762181,16,True,True
training-event-117,region-5,1798,7.30976456889444,0.7185411679604867,2.0,0.5877082555762181,34,True,True
training-event-117,region-5,1798,7.30976456889444,0.7185411679604867,8.0,0.5877082555762181,81,True,True
training-event-117,region-5,1798,7.30976456889444,0.7185411679604867,24.0,0.5877082555762181,134,True,True
training-event-118,region-0,3004,6.882447467669344,0.5351585336223152,0.5,0.7124816999850452,13,True,True
training-event-118,region-0,3004,6.882447467669344,0.5351585336223152,2.0,0.7124816999850452,33,True,True
training-event-118,region-0,3004,6.882447467669344,0.5351585336223152,8.0,0.7124816999850452,64,True,True
training-event-118,region-0,3004,6.882447467669344,0.5351585336223152,24.0,0.7124816999850452,119,True,True
training-event-118,region-1,2238,6.176199615924629,0.2585822422273466,0.5,0.4022107073760266,9,True,True
training-event-118,region-1,2238,6.176199615924629,0.2585822422273466,2.0,0.4022107073760266,14,True,True
training-event-118,region-1,2238,6.176199615924629,0.2585822422273466,8.0,0.4022107073760266,26,True,True
training-event-118,region-1,2238,6.176199615924629,0.2585822422273466,24.0,0.4022107073760266,43,True,True
training-event-118,region-2,2974,8.326509863850058,0.9733744998425499,0.5,0.4657026915695306,47,True,True
training-event-118,region-2,2974,8.326509863850058,0.9733744998425499,2.0,0.4657026915695306,94,True,True
training-event-118,region-2,2974,8.326509863850058,0.9733744998425499,8.0,0.4657026915695306,187,True,True
training-event-118,region-2,2974,8.326509863850058,0.9733744998425499,24.0,0.4657026915695306,340,True,True
training-event-118,region-3,206,6.684494246845623,0.46757748688231404,0.5,0.9476523042149528,3,True,True
training-event-118,region-3,206,6.684494246845623,0.46757748688231404,2.0,0.9476523042149528,4,True,True
training-event-118,region-3,206,6.684494246845623,0.46757748688231404,8.0,0.9476523042149528,15,True,True
training-event-118,region-3,206,6.684494246845623,0.46757748688231404,24.0,0.9476523042149528,23,True,True
training-event-118,region-4,2483,6.789866405113541,0.6368429859859996,0.5,0.4516147716653988,10,True,True
training-event-118,region-4,2483,6.789866405113541,0.6368429859859996,2.0,0.4516147716653988,23,True,True
training-event-118,region-4,2483,6.789866405113541,0.6368429859859996,8.0,0.4516147716653988,49,True,True
training-event-118,region-4,2483,6.789866405113541,0.6368429859859996,24.0,0.4516147716653988,81,True,True
training-event-118,region-5,97,7.527658999750592,0.7299798199130675,0.5,0.6060168227052933,0,True,True
training-event-118,region-5,97,7.527658999750592,0.7299798199130675,2.0,0.6060168227052933,4,True,True
training-event-118,region-5,97,7.527658999750592,0.7299798199130675,8.0,0.6060168227052933,7,True,True
training-event-118,region-5,97,7.527658999750592,0.7299798199130675,24.0,0.6060168227052933,11,True,True
training-event-119,region-0,1739,7.739078633867956,0.8484282731547179,0.5,0.653755544172365,38,True,True
training-event-119,region-0,1739,7.739078633867956,0.8484282731547179,2.0,0.653755544172365,78,True,True
training-event-119,region-0,1739,7.739078633867956,0.8484282731547179,8.0,0.653755544172365,149,True,True
training-event-119,region-0,1739,7.739078633867956,0.8484282731547179,24.0,0.653755544172365,249,True,True
training-event-119,region-1,1953,7.5034205447224815,0.6918351286046025,0.5,0.9200419110265371,11,True,True
training-event-119,region-1,1953,7.5034205447224815,0.6918351286046025,2.0,0.9200419110265371,20,True,True
training-event-119,region-1,1953,7.5034205447224815,0.6918351286046025,8.0,0.9200419110265371,42,True,True
training-event-119,region-1,1953,7.5034205447224815,0.6918351286046025,24.0,0.9200419110265371,88,True,True
training-event-119,region-2,3165,7.783321979340733,0.7565107303723535,0.5,0.7358733815744178,28,True,True
training-event-119,region-2,3165,7.783321979340733,0.7565107303723535,2.0,0.7358733815744178,65,True,True
training-event-119,region-2,3165,7.783321979340733,0.7565107303723535,8.0,0.7358733815744178,131,True,True
training-event-119,region-2,3165,7.783321979340733,0.7565107303723535,24.0,0.7358733815744178,250,True,True
training-event-119,region-3,1220,7.863989846039385,0.7971163117609262,0.5,0.839342957161827,20,True,True
training-event-119,region-3,1220,7.863989846039385,0.7971163117609262,2.0,0.839342957161827,38,True,True
training-event-119,region-3,1220,7.863989846039385,0.7971163117609262,8.0,0.839342957161827,88,True,True
training-event-119,region-3,1220,7.863989846039385,0.7971163117609262,24.0,0.839342957161827,144,True,True
training-event-119,region-4,1984,8.547825725452633,0.98,0.5,0.92877189247719,70,True,True
training-event-119,region-4,1984,8.547825725452633,0.98,2.0,0.92877189247719,142,True,True
training-event-119,region-4,1984,8.547825725452633,0.98,8.0,0.92877189247719,304,True,True
training-event-119,region-4,1984,8.547825725452633,0.98,24.0,0.92877189247719,551,True,True
training-event-119,region-5,1498,8.15801162097679,0.8306444335861972,0.5,0.8827665866701655,30,True,True
training-event-119,region-5,1498,8.15801162097679,0.8306444335861972,2.0,0.8827665866701655,58,True,True
training-event-119,region-5,1498,8.15801162097679,0.8306444335861972,8.0,0.8827665866701655,109,True,True
training-event-119,region-5,1498,8.15801162097679,0.8306444335861972,24.0,0.8827665866701655,198,True,True
